PCM_Identifiers,entani論文のCommonGround,解の非唯一性考慮のCommonGround,ダミー,,8.377493296,
"Any[""Trial-1_PCM-1"", ""Trial-1_PCM-2"", ""Trial-1_PCM-3""]",Error,Error,Error,FALSE,9E-07,
"Any[""Trial-2_PCM-1"", ""Trial-2_PCM-2"", ""Trial-2_PCM-3""]",5.032169323,5.538479653,Error,5.538479653,,
"Any[""Trial-3_PCM-1"", ""Trial-3_PCM-2"", ""Trial-3_PCM-3""]",Error,Error,Error,FALSE,,
"Any[""Trial-4_PCM-1"", ""Trial-4_PCM-2"", ""Trial-4_PCM-3""]",1.14E-06,2.35933E-06,Error,2.35933E-06,,
"Any[""Trial-5_PCM-1"", ""Trial-5_PCM-2"", ""Trial-5_PCM-3""]",Error,Error,Error,FALSE,,
"Any[""Trial-6_PCM-1"", ""Trial-6_PCM-2"", ""Trial-6_PCM-3""]",Error,Error,Error,FALSE,,
"Any[""Trial-7_PCM-1"", ""Trial-7_PCM-2"", ""Trial-7_PCM-3""]",Error,Error,Error,FALSE,,
"Any[""Trial-8_PCM-1"", ""Trial-8_PCM-2"", ""Trial-8_PCM-3""]",Error,Error,Error,FALSE,,
"Any[""Trial-9_PCM-1"", ""Trial-9_PCM-2"", ""Trial-9_PCM-3""]",Error,Error,Error,FALSE,,
"Any[""Trial-10_PCM-1"", ""Trial-10_PCM-2"", ""Trial-10_PCM-3""]",Error,Error,Error,FALSE,,
"Any[""Trial-11_PCM-1"", ""Trial-11_PCM-2"", ""Trial-11_PCM-3""]",Error,Error,Error,FALSE,,
"Any[""Trial-12_PCM-1"", ""Trial-12_PCM-2"", ""Trial-12_PCM-3""]",Error,Error,Error,FALSE,,
"Any[""Trial-13_PCM-1"", ""Trial-13_PCM-2"", ""Trial-13_PCM-3""]",2.16E-06,1.06389E-06,1.06E-06,FALSE,,
"Any[""Trial-14_PCM-1"", ""Trial-14_PCM-2"", ""Trial-14_PCM-3""]",Error,Error,Error,FALSE,,
"Any[""Trial-15_PCM-1"", ""Trial-15_PCM-2"", ""Trial-15_PCM-3""]",4.394449777,2.938589145,2.938589145,FALSE,,
"Any[""Trial-16_PCM-1"", ""Trial-16_PCM-2"", ""Trial-16_PCM-3""]",Error,Error,Error,FALSE,,
"Any[""Trial-17_PCM-1"", ""Trial-17_PCM-2"", ""Trial-17_PCM-3""]",Error,Error,Error,FALSE,,
"Any[""Trial-18_PCM-1"", ""Trial-18_PCM-2"", ""Trial-18_PCM-3""]",Error,Error,Error,FALSE,,
"Any[""Trial-19_PCM-1"", ""Trial-19_PCM-2"", ""Trial-19_PCM-3""]",Error,Error,Error,FALSE,,
"Any[""Trial-20_PCM-1"", ""Trial-20_PCM-2"", ""Trial-20_PCM-3""]",4.394449432,2.772590042,2.772590042,FALSE,,
"Any[""Trial-21_PCM-1"", ""Trial-21_PCM-2"", ""Trial-21_PCM-3""]",Error,Error,Error,FALSE,,
"Any[""Trial-22_PCM-1"", ""Trial-22_PCM-2"", ""Trial-22_PCM-3""]",Error,Error,Error,FALSE,,
"Any[""Trial-23_PCM-1"", ""Trial-23_PCM-2"", ""Trial-23_PCM-3""]",Error,Error,Error,FALSE,,
"Any[""Trial-24_PCM-1"", ""Trial-24_PCM-2"", ""Trial-24_PCM-3""]",Error,Error,Error,FALSE,,
"Any[""Trial-25_PCM-1"", ""Trial-25_PCM-2"", ""Trial-25_PCM-3""]",Error,Error,Error,FALSE,,
"Any[""Trial-26_PCM-1"", ""Trial-26_PCM-2"", ""Trial-26_PCM-3""]",Error,Error,Error,FALSE,,
"Any[""Trial-27_PCM-1"", ""Trial-27_PCM-2"", ""Trial-27_PCM-3""]",Error,Error,Error,FALSE,,
"Any[""Trial-28_PCM-1"", ""Trial-28_PCM-2"", ""Trial-28_PCM-3""]",Error,Error,Error,FALSE,,
"Any[""Trial-29_PCM-1"", ""Trial-29_PCM-2"", ""Trial-29_PCM-3""]",Error,Error,Error,FALSE,,
"Any[""Trial-30_PCM-1"", ""Trial-30_PCM-2"", ""Trial-30_PCM-3""]",Error,Error,Error,FALSE,,
"Any[""Trial-31_PCM-1"", ""Trial-31_PCM-2"", ""Trial-31_PCM-3""]",Error,2.373722735,2.373722735,FALSE,,
"Any[""Trial-32_PCM-1"", ""Trial-32_PCM-2"", ""Trial-32_PCM-3""]",3.994115997,2.772589994,2.772589994,FALSE,,
"Any[""Trial-33_PCM-1"", ""Trial-33_PCM-2"", ""Trial-33_PCM-3""]",Error,Error,Error,FALSE,,
"Any[""Trial-34_PCM-1"", ""Trial-34_PCM-2"", ""Trial-34_PCM-3""]",Error,Error,Error,FALSE,,
"Any[""Trial-35_PCM-1"", ""Trial-35_PCM-2"", ""Trial-35_PCM-3""]",Error,1.17378E-06,1.17E-06,FALSE,,
"Any[""Trial-36_PCM-1"", ""Trial-36_PCM-2"", ""Trial-36_PCM-3""]",Error,Error,Error,FALSE,,
"Any[""Trial-37_PCM-1"", ""Trial-37_PCM-2"", ""Trial-37_PCM-3""]",Error,Error,Error,FALSE,,
"Any[""Trial-38_PCM-1"", ""Trial-38_PCM-2"", ""Trial-38_PCM-3""]",Error,Error,Error,FALSE,,
"Any[""Trial-39_PCM-1"", ""Trial-39_PCM-2"", ""Trial-39_PCM-3""]",Error,Error,Error,FALSE,,
"Any[""Trial-40_PCM-1"", ""Trial-40_PCM-2"", ""Trial-40_PCM-3""]",Error,Error,Error,FALSE,,
"Any[""Trial-41_PCM-1"", ""Trial-41_PCM-2"", ""Trial-41_PCM-3""]",Error,Error,Error,FALSE,,
"Any[""Trial-42_PCM-1"", ""Trial-42_PCM-2"", ""Trial-42_PCM-3""]",Error,Error,Error,FALSE,,
"Any[""Trial-43_PCM-1"", ""Trial-43_PCM-2"", ""Trial-43_PCM-3""]",Error,Error,Error,FALSE,,
"Any[""Trial-44_PCM-1"", ""Trial-44_PCM-2"", ""Trial-44_PCM-3""]",Error,Error,Error,FALSE,,
"Any[""Trial-45_PCM-1"", ""Trial-45_PCM-2"", ""Trial-45_PCM-3""]",Error,Error,Error,FALSE,,
"Any[""Trial-46_PCM-1"", ""Trial-46_PCM-2"", ""Trial-46_PCM-3""]",Error,Error,Error,FALSE,,
"Any[""Trial-47_PCM-1"", ""Trial-47_PCM-2"", ""Trial-47_PCM-3""]",3.002886949,5.815193237,Error,5.815193237,,
"Any[""Trial-48_PCM-1"", ""Trial-48_PCM-2"", ""Trial-48_PCM-3""]",Error,Error,Error,FALSE,,
"Any[""Trial-49_PCM-1"", ""Trial-49_PCM-2"", ""Trial-49_PCM-3""]",Error,Error,Error,FALSE,,
"Any[""Trial-50_PCM-1"", ""Trial-50_PCM-2"", ""Trial-50_PCM-3""]",Error,Error,Error,FALSE,,
"Any[""Trial-51_PCM-1"", ""Trial-51_PCM-2"", ""Trial-51_PCM-3""]",Error,Error,Error,FALSE,,
"Any[""Trial-52_PCM-1"", ""Trial-52_PCM-2"", ""Trial-52_PCM-3""]",Error,Error,Error,FALSE,,
"Any[""Trial-53_PCM-1"", ""Trial-53_PCM-2"", ""Trial-53_PCM-3""]",Error,Error,Error,FALSE,,
"Any[""Trial-54_PCM-1"", ""Trial-54_PCM-2"", ""Trial-54_PCM-3""]",Error,Error,Error,FALSE,,
"Any[""Trial-55_PCM-1"", ""Trial-55_PCM-2"", ""Trial-55_PCM-3""]",Error,Error,Error,FALSE,,
"Any[""Trial-56_PCM-1"", ""Trial-56_PCM-2"", ""Trial-56_PCM-3""]",Error,Error,Error,FALSE,,
"Any[""Trial-57_PCM-1"", ""Trial-57_PCM-2"", ""Trial-57_PCM-3""]",Error,Error,Error,FALSE,,
"Any[""Trial-58_PCM-1"", ""Trial-58_PCM-2"", ""Trial-58_PCM-3""]",3.030744056,3.194033117,3.194033117,FALSE,,
"Any[""Trial-59_PCM-1"", ""Trial-59_PCM-2"", ""Trial-59_PCM-3""]",Error,Error,Error,FALSE,,
"Any[""Trial-60_PCM-1"", ""Trial-60_PCM-2"", ""Trial-60_PCM-3""]",Error,Error,Error,FALSE,,
"Any[""Trial-61_PCM-1"", ""Trial-61_PCM-2"", ""Trial-61_PCM-3""]",Error,3.389193132,3.389193132,FALSE,,
"Any[""Trial-62_PCM-1"", ""Trial-62_PCM-2"", ""Trial-62_PCM-3""]",Error,Error,Error,FALSE,,
"Any[""Trial-63_PCM-1"", ""Trial-63_PCM-2"", ""Trial-63_PCM-3""]",Error,Error,Error,FALSE,,
"Any[""Trial-64_PCM-1"", ""Trial-64_PCM-2"", ""Trial-64_PCM-3""]",Error,Error,Error,FALSE,,
"Any[""Trial-65_PCM-1"", ""Trial-65_PCM-2"", ""Trial-65_PCM-3""]",4.136300187,4.394450449,4.394450449,FALSE,,
"Any[""Trial-66_PCM-1"", ""Trial-66_PCM-2"", ""Trial-66_PCM-3""]",Error,Error,Error,FALSE,,
"Any[""Trial-67_PCM-1"", ""Trial-67_PCM-2"", ""Trial-67_PCM-3""]",Error,Error,Error,FALSE,,
"Any[""Trial-68_PCM-1"", ""Trial-68_PCM-2"", ""Trial-68_PCM-3""]",0.784358125,2.02512783,Error,2.02512783,,
"Any[""Trial-69_PCM-1"", ""Trial-69_PCM-2"", ""Trial-69_PCM-3""]",Error,Error,Error,FALSE,,
"Any[""Trial-70_PCM-1"", ""Trial-70_PCM-2"", ""Trial-70_PCM-3""]",Error,Error,Error,FALSE,,
"Any[""Trial-71_PCM-1"", ""Trial-71_PCM-2"", ""Trial-71_PCM-3""]",Error,Error,Error,FALSE,,
"Any[""Trial-72_PCM-1"", ""Trial-72_PCM-2"", ""Trial-72_PCM-3""]",Error,Error,Error,FALSE,,
"Any[""Trial-73_PCM-1"", ""Trial-73_PCM-2"", ""Trial-73_PCM-3""]",Error,Error,Error,FALSE,,
"Any[""Trial-74_PCM-1"", ""Trial-74_PCM-2"", ""Trial-74_PCM-3""]",Error,Error,Error,FALSE,,
"Any[""Trial-75_PCM-1"", ""Trial-75_PCM-2"", ""Trial-75_PCM-3""]",Error,Error,Error,FALSE,,
"Any[""Trial-76_PCM-1"", ""Trial-76_PCM-2"", ""Trial-76_PCM-3""]",4.28E-06,1.694678237,Error,1.694678237,,
"Any[""Trial-77_PCM-1"", ""Trial-77_PCM-2"", ""Trial-77_PCM-3""]",Error,Error,Error,FALSE,,
"Any[""Trial-78_PCM-1"", ""Trial-78_PCM-2"", ""Trial-78_PCM-3""]",Error,Error,Error,FALSE,,
"Any[""Trial-79_PCM-1"", ""Trial-79_PCM-2"", ""Trial-79_PCM-3""]",Error,Error,Error,FALSE,,
"Any[""Trial-80_PCM-1"", ""Trial-80_PCM-2"", ""Trial-80_PCM-3""]",Error,Error,Error,FALSE,,
"Any[""Trial-81_PCM-1"", ""Trial-81_PCM-2"", ""Trial-81_PCM-3""]",Error,Error,Error,FALSE,,
"Any[""Trial-82_PCM-1"", ""Trial-82_PCM-2"", ""Trial-82_PCM-3""]",Error,Error,Error,FALSE,,
"Any[""Trial-83_PCM-1"", ""Trial-83_PCM-2"", ""Trial-83_PCM-3""]",Error,Error,Error,FALSE,,
"Any[""Trial-84_PCM-1"", ""Trial-84_PCM-2"", ""Trial-84_PCM-3""]",Error,Error,Error,FALSE,,
"Any[""Trial-85_PCM-1"", ""Trial-85_PCM-2"", ""Trial-85_PCM-3""]",Error,Error,Error,FALSE,,
"Any[""Trial-86_PCM-1"", ""Trial-86_PCM-2"", ""Trial-86_PCM-3""]",Error,Error,Error,FALSE,,
"Any[""Trial-87_PCM-1"", ""Trial-87_PCM-2"", ""Trial-87_PCM-3""]",Error,Error,Error,FALSE,,
"Any[""Trial-88_PCM-1"", ""Trial-88_PCM-2"", ""Trial-88_PCM-3""]",Error,Error,Error,FALSE,,
"Any[""Trial-89_PCM-1"", ""Trial-89_PCM-2"", ""Trial-89_PCM-3""]",Error,Error,Error,FALSE,,
"Any[""Trial-90_PCM-1"", ""Trial-90_PCM-2"", ""Trial-90_PCM-3""]",Error,Error,Error,FALSE,,
"Any[""Trial-91_PCM-1"", ""Trial-91_PCM-2"", ""Trial-91_PCM-3""]",Error,Error,Error,FALSE,,
"Any[""Trial-92_PCM-1"", ""Trial-92_PCM-2"", ""Trial-92_PCM-3""]",1.938055306,2.7725901,2.7725901,FALSE,,
"Any[""Trial-93_PCM-1"", ""Trial-93_PCM-2"", ""Trial-93_PCM-3""]",Error,Error,Error,FALSE,,
"Any[""Trial-94_PCM-1"", ""Trial-94_PCM-2"", ""Trial-94_PCM-3""]",Error,Error,Error,FALSE,,
"Any[""Trial-95_PCM-1"", ""Trial-95_PCM-2"", ""Trial-95_PCM-3""]",Error,Error,Error,FALSE,,
"Any[""Trial-96_PCM-1"", ""Trial-96_PCM-2"", ""Trial-96_PCM-3""]",Error,Error,Error,FALSE,,
"Any[""Trial-97_PCM-1"", ""Trial-97_PCM-2"", ""Trial-97_PCM-3""]",Error,Error,Error,FALSE,,
"Any[""Trial-98_PCM-1"", ""Trial-98_PCM-2"", ""Trial-98_PCM-3""]",2.552352848,2.772589975,2.772589975,FALSE,,
"Any[""Trial-99_PCM-1"", ""Trial-99_PCM-2"", ""Trial-99_PCM-3""]",Error,Error,Error,FALSE,,
"Any[""Trial-100_PCM-1"", ""Trial-100_PCM-2"", ""Trial-100_PCM-3""]",Error,Error,Error,FALSE,,
"Any[""Trial-101_PCM-1"", ""Trial-101_PCM-2"", ""Trial-101_PCM-3""]",Error,Error,Error,FALSE,,
"Any[""Trial-102_PCM-1"", ""Trial-102_PCM-2"", ""Trial-102_PCM-3""]",Error,Error,Error,FALSE,,
"Any[""Trial-103_PCM-1"", ""Trial-103_PCM-2"", ""Trial-103_PCM-3""]",2.580558157,2.772589552,2.772589552,FALSE,,
"Any[""Trial-104_PCM-1"", ""Trial-104_PCM-2"", ""Trial-104_PCM-3""]",Error,Error,Error,FALSE,,
"Any[""Trial-105_PCM-1"", ""Trial-105_PCM-2"", ""Trial-105_PCM-3""]",Error,Error,Error,FALSE,,
"Any[""Trial-106_PCM-1"", ""Trial-106_PCM-2"", ""Trial-106_PCM-3""]",Error,Error,Error,FALSE,,
"Any[""Trial-107_PCM-1"", ""Trial-107_PCM-2"", ""Trial-107_PCM-3""]",Error,Error,Error,FALSE,,
"Any[""Trial-108_PCM-1"", ""Trial-108_PCM-2"", ""Trial-108_PCM-3""]",Error,Error,Error,FALSE,,
"Any[""Trial-109_PCM-1"", ""Trial-109_PCM-2"", ""Trial-109_PCM-3""]",2.65E-06,1.17859E-06,1.18E-06,FALSE,,
"Any[""Trial-110_PCM-1"", ""Trial-110_PCM-2"", ""Trial-110_PCM-3""]",5.0110536,5.545178654,Error,5.545178654,,
"Any[""Trial-111_PCM-1"", ""Trial-111_PCM-2"", ""Trial-111_PCM-3""]",0.56267375,2.453339686,Error,2.453339686,,
"Any[""Trial-112_PCM-1"", ""Trial-112_PCM-2"", ""Trial-112_PCM-3""]",Error,Error,Error,FALSE,,
"Any[""Trial-113_PCM-1"", ""Trial-113_PCM-2"", ""Trial-113_PCM-3""]",1.880016153,1.56E-06,1.56E-06,FALSE,,
"Any[""Trial-114_PCM-1"", ""Trial-114_PCM-2"", ""Trial-114_PCM-3""]",Error,Error,Error,FALSE,,
"Any[""Trial-115_PCM-1"", ""Trial-115_PCM-2"", ""Trial-115_PCM-3""]",Error,Error,Error,FALSE,,
"Any[""Trial-116_PCM-1"", ""Trial-116_PCM-2"", ""Trial-116_PCM-3""]",Error,Error,Error,FALSE,,
"Any[""Trial-117_PCM-1"", ""Trial-117_PCM-2"", ""Trial-117_PCM-3""]",Error,Error,Error,FALSE,,
"Any[""Trial-118_PCM-1"", ""Trial-118_PCM-2"", ""Trial-118_PCM-3""]",Error,Error,Error,FALSE,,
"Any[""Trial-119_PCM-1"", ""Trial-119_PCM-2"", ""Trial-119_PCM-3""]",2.77E-06,0.701115018,Error,0.701115018,,
"Any[""Trial-120_PCM-1"", ""Trial-120_PCM-2"", ""Trial-120_PCM-3""]",Error,Error,Error,FALSE,,
"Any[""Trial-121_PCM-1"", ""Trial-121_PCM-2"", ""Trial-121_PCM-3""]",Error,Error,Error,FALSE,,
"Any[""Trial-122_PCM-1"", ""Trial-122_PCM-2"", ""Trial-122_PCM-3""]",Error,Error,Error,FALSE,,
"Any[""Trial-123_PCM-1"", ""Trial-123_PCM-2"", ""Trial-123_PCM-3""]",Error,Error,Error,FALSE,,
"Any[""Trial-124_PCM-1"", ""Trial-124_PCM-2"", ""Trial-124_PCM-3""]",Error,Error,Error,FALSE,,
"Any[""Trial-125_PCM-1"", ""Trial-125_PCM-2"", ""Trial-125_PCM-3""]",Error,Error,Error,FALSE,,
"Any[""Trial-126_PCM-1"", ""Trial-126_PCM-2"", ""Trial-126_PCM-3""]",2.238464451,0.19838978,0.19838978,FALSE,,
"Any[""Trial-127_PCM-1"", ""Trial-127_PCM-2"", ""Trial-127_PCM-3""]",Error,Error,Error,FALSE,,
"Any[""Trial-128_PCM-1"", ""Trial-128_PCM-2"", ""Trial-128_PCM-3""]",Error,Error,Error,FALSE,,
"Any[""Trial-129_PCM-1"", ""Trial-129_PCM-2"", ""Trial-129_PCM-3""]",4.394449532,2.772590818,2.772590818,FALSE,,
"Any[""Trial-130_PCM-1"", ""Trial-130_PCM-2"", ""Trial-130_PCM-3""]",Error,Error,Error,FALSE,,
"Any[""Trial-131_PCM-1"", ""Trial-131_PCM-2"", ""Trial-131_PCM-3""]",Error,Error,Error,FALSE,,
"Any[""Trial-132_PCM-1"", ""Trial-132_PCM-2"", ""Trial-132_PCM-3""]",Error,Error,Error,FALSE,,
"Any[""Trial-133_PCM-1"", ""Trial-133_PCM-2"", ""Trial-133_PCM-3""]",Error,Error,Error,FALSE,,
"Any[""Trial-134_PCM-1"", ""Trial-134_PCM-2"", ""Trial-134_PCM-3""]",Error,Error,Error,FALSE,,
"Any[""Trial-135_PCM-1"", ""Trial-135_PCM-2"", ""Trial-135_PCM-3""]",Error,1.51129E-06,1.51E-06,FALSE,,
"Any[""Trial-136_PCM-1"", ""Trial-136_PCM-2"", ""Trial-136_PCM-3""]",Error,Error,Error,FALSE,,
"Any[""Trial-137_PCM-1"", ""Trial-137_PCM-2"", ""Trial-137_PCM-3""]",Error,Error,Error,FALSE,,
"Any[""Trial-138_PCM-1"", ""Trial-138_PCM-2"", ""Trial-138_PCM-3""]",2.238464119,1.14257E-06,1.14E-06,FALSE,,
"Any[""Trial-139_PCM-1"", ""Trial-139_PCM-2"", ""Trial-139_PCM-3""]",Error,1.39676E-06,1.4E-06,FALSE,,
"Any[""Trial-140_PCM-1"", ""Trial-140_PCM-2"", ""Trial-140_PCM-3""]",1.938036048,3.618892103,Error,3.618892103,,
"Any[""Trial-141_PCM-1"", ""Trial-141_PCM-2"", ""Trial-141_PCM-3""]",Error,Error,Error,FALSE,,
"Any[""Trial-142_PCM-1"", ""Trial-142_PCM-2"", ""Trial-142_PCM-3""]",Error,Error,Error,FALSE,,
"Any[""Trial-143_PCM-1"", ""Trial-143_PCM-2"", ""Trial-143_PCM-3""]",Error,Error,Error,FALSE,,
"Any[""Trial-144_PCM-1"", ""Trial-144_PCM-2"", ""Trial-144_PCM-3""]",Error,Error,Error,FALSE,,
"Any[""Trial-145_PCM-1"", ""Trial-145_PCM-2"", ""Trial-145_PCM-3""]",Error,Error,Error,FALSE,,
"Any[""Trial-146_PCM-1"", ""Trial-146_PCM-2"", ""Trial-146_PCM-3""]",Error,Error,Error,FALSE,,
"Any[""Trial-147_PCM-1"", ""Trial-147_PCM-2"", ""Trial-147_PCM-3""]",Error,Error,Error,FALSE,,
"Any[""Trial-148_PCM-1"", ""Trial-148_PCM-2"", ""Trial-148_PCM-3""]",Error,Error,Error,FALSE,,
"Any[""Trial-149_PCM-1"", ""Trial-149_PCM-2"", ""Trial-149_PCM-3""]",Error,Error,Error,FALSE,,
"Any[""Trial-150_PCM-1"", ""Trial-150_PCM-2"", ""Trial-150_PCM-3""]",Error,Error,Error,FALSE,,
"Any[""Trial-151_PCM-1"", ""Trial-151_PCM-2"", ""Trial-151_PCM-3""]",Error,Error,Error,FALSE,,
"Any[""Trial-152_PCM-1"", ""Trial-152_PCM-2"", ""Trial-152_PCM-3""]",Error,Error,Error,FALSE,,
"Any[""Trial-153_PCM-1"", ""Trial-153_PCM-2"", ""Trial-153_PCM-3""]",Error,Error,Error,FALSE,,
"Any[""Trial-154_PCM-1"", ""Trial-154_PCM-2"", ""Trial-154_PCM-3""]",Error,Error,Error,FALSE,,
"Any[""Trial-155_PCM-1"", ""Trial-155_PCM-2"", ""Trial-155_PCM-3""]",Error,Error,Error,FALSE,,
"Any[""Trial-156_PCM-1"", ""Trial-156_PCM-2"", ""Trial-156_PCM-3""]",Error,Error,Error,FALSE,,
"Any[""Trial-157_PCM-1"", ""Trial-157_PCM-2"", ""Trial-157_PCM-3""]",Error,Error,Error,FALSE,,
"Any[""Trial-158_PCM-1"", ""Trial-158_PCM-2"", ""Trial-158_PCM-3""]",Error,Error,Error,FALSE,,
"Any[""Trial-159_PCM-1"", ""Trial-159_PCM-2"", ""Trial-159_PCM-3""]",Error,Error,Error,FALSE,,
"Any[""Trial-160_PCM-1"", ""Trial-160_PCM-2"", ""Trial-160_PCM-3""]",Error,Error,Error,FALSE,,
"Any[""Trial-161_PCM-1"", ""Trial-161_PCM-2"", ""Trial-161_PCM-3""]",Error,2.34982E-06,2.35E-06,FALSE,,
"Any[""Trial-162_PCM-1"", ""Trial-162_PCM-2"", ""Trial-162_PCM-3""]",Error,Error,Error,FALSE,,
"Any[""Trial-163_PCM-1"", ""Trial-163_PCM-2"", ""Trial-163_PCM-3""]",0.342965315,1.672662876,Error,1.672662876,,
"Any[""Trial-164_PCM-1"", ""Trial-164_PCM-2"", ""Trial-164_PCM-3""]",5.09E-06,1.640914121,Error,1.640914121,,
"Any[""Trial-165_PCM-1"", ""Trial-165_PCM-2"", ""Trial-165_PCM-3""]",Error,Error,Error,FALSE,,
"Any[""Trial-166_PCM-1"", ""Trial-166_PCM-2"", ""Trial-166_PCM-3""]",Error,Error,Error,FALSE,,
"Any[""Trial-167_PCM-1"", ""Trial-167_PCM-2"", ""Trial-167_PCM-3""]",Error,Error,Error,FALSE,,
"Any[""Trial-168_PCM-1"", ""Trial-168_PCM-2"", ""Trial-168_PCM-3""]",Error,Error,Error,FALSE,,
"Any[""Trial-169_PCM-1"", ""Trial-169_PCM-2"", ""Trial-169_PCM-3""]",Error,Error,Error,FALSE,,
"Any[""Trial-170_PCM-1"", ""Trial-170_PCM-2"", ""Trial-170_PCM-3""]",Error,Error,Error,FALSE,,
"Any[""Trial-171_PCM-1"", ""Trial-171_PCM-2"", ""Trial-171_PCM-3""]",Error,Error,Error,FALSE,,
"Any[""Trial-172_PCM-1"", ""Trial-172_PCM-2"", ""Trial-172_PCM-3""]",Error,Error,Error,FALSE,,
"Any[""Trial-173_PCM-1"", ""Trial-173_PCM-2"", ""Trial-173_PCM-3""]",Error,Error,Error,FALSE,,
"Any[""Trial-174_PCM-1"", ""Trial-174_PCM-2"", ""Trial-174_PCM-3""]",Error,Error,Error,FALSE,,
"Any[""Trial-175_PCM-1"", ""Trial-175_PCM-2"", ""Trial-175_PCM-3""]",Error,Error,Error,FALSE,,
"Any[""Trial-176_PCM-1"", ""Trial-176_PCM-2"", ""Trial-176_PCM-3""]",Error,Error,Error,FALSE,,
"Any[""Trial-177_PCM-1"", ""Trial-177_PCM-2"", ""Trial-177_PCM-3""]",Error,Error,Error,FALSE,,
"Any[""Trial-178_PCM-1"", ""Trial-178_PCM-2"", ""Trial-178_PCM-3""]",2.543969572,2.772589896,2.772589896,FALSE,,
"Any[""Trial-179_PCM-1"", ""Trial-179_PCM-2"", ""Trial-179_PCM-3""]",Error,Error,Error,FALSE,,
"Any[""Trial-180_PCM-1"", ""Trial-180_PCM-2"", ""Trial-180_PCM-3""]",Error,Error,Error,FALSE,,
"Any[""Trial-181_PCM-1"", ""Trial-181_PCM-2"", ""Trial-181_PCM-3""]",Error,Error,Error,FALSE,,
"Any[""Trial-182_PCM-1"", ""Trial-182_PCM-2"", ""Trial-182_PCM-3""]",Error,Error,Error,FALSE,,
"Any[""Trial-183_PCM-1"", ""Trial-183_PCM-2"", ""Trial-183_PCM-3""]",Error,Error,Error,FALSE,,
"Any[""Trial-184_PCM-1"", ""Trial-184_PCM-2"", ""Trial-184_PCM-3""]",Error,Error,Error,FALSE,,
"Any[""Trial-185_PCM-1"", ""Trial-185_PCM-2"", ""Trial-185_PCM-3""]",Error,Error,Error,FALSE,,
"Any[""Trial-186_PCM-1"", ""Trial-186_PCM-2"", ""Trial-186_PCM-3""]",Error,Error,Error,FALSE,,
"Any[""Trial-187_PCM-1"", ""Trial-187_PCM-2"", ""Trial-187_PCM-3""]",Error,Error,Error,FALSE,,
"Any[""Trial-188_PCM-1"", ""Trial-188_PCM-2"", ""Trial-188_PCM-3""]",Error,Error,Error,FALSE,,
"Any[""Trial-189_PCM-1"", ""Trial-189_PCM-2"", ""Trial-189_PCM-3""]",Error,Error,Error,FALSE,,
"Any[""Trial-190_PCM-1"", ""Trial-190_PCM-2"", ""Trial-190_PCM-3""]",Error,4.394450496,4.394450496,FALSE,,
"Any[""Trial-191_PCM-1"", ""Trial-191_PCM-2"", ""Trial-191_PCM-3""]",Error,Error,Error,FALSE,,
"Any[""Trial-192_PCM-1"", ""Trial-192_PCM-2"", ""Trial-192_PCM-3""]",Error,Error,Error,FALSE,,
"Any[""Trial-193_PCM-1"", ""Trial-193_PCM-2"", ""Trial-193_PCM-3""]",Error,Error,Error,FALSE,,
"Any[""Trial-194_PCM-1"", ""Trial-194_PCM-2"", ""Trial-194_PCM-3""]",Error,Error,Error,FALSE,,
"Any[""Trial-195_PCM-1"", ""Trial-195_PCM-2"", ""Trial-195_PCM-3""]",Error,Error,Error,FALSE,,
"Any[""Trial-196_PCM-1"", ""Trial-196_PCM-2"", ""Trial-196_PCM-3""]",Error,Error,Error,FALSE,,
"Any[""Trial-197_PCM-1"", ""Trial-197_PCM-2"", ""Trial-197_PCM-3""]",Error,Error,Error,FALSE,,
"Any[""Trial-198_PCM-1"", ""Trial-198_PCM-2"", ""Trial-198_PCM-3""]",Error,2.49075E-05,2.49E-05,FALSE,,
"Any[""Trial-199_PCM-1"", ""Trial-199_PCM-2"", ""Trial-199_PCM-3""]",Error,Error,Error,FALSE,,
"Any[""Trial-200_PCM-1"", ""Trial-200_PCM-2"", ""Trial-200_PCM-3""]",Error,Error,Error,FALSE,,
"Any[""Trial-201_PCM-1"", ""Trial-201_PCM-2"", ""Trial-201_PCM-3""]",1.621861353,1.11692E-06,1.12E-06,FALSE,,
"Any[""Trial-202_PCM-1"", ""Trial-202_PCM-2"", ""Trial-202_PCM-3""]",Error,Error,Error,FALSE,,
"Any[""Trial-203_PCM-1"", ""Trial-203_PCM-2"", ""Trial-203_PCM-3""]",Error,Error,Error,FALSE,,
"Any[""Trial-204_PCM-1"", ""Trial-204_PCM-2"", ""Trial-204_PCM-3""]",Error,Error,Error,FALSE,,
"Any[""Trial-205_PCM-1"", ""Trial-205_PCM-2"", ""Trial-205_PCM-3""]",Error,Error,Error,FALSE,,
"Any[""Trial-206_PCM-1"", ""Trial-206_PCM-2"", ""Trial-206_PCM-3""]",Error,Error,Error,FALSE,,
"Any[""Trial-207_PCM-1"", ""Trial-207_PCM-2"", ""Trial-207_PCM-3""]",Error,Error,Error,FALSE,,
"Any[""Trial-208_PCM-1"", ""Trial-208_PCM-2"", ""Trial-208_PCM-3""]",Error,Error,Error,FALSE,,
"Any[""Trial-209_PCM-1"", ""Trial-209_PCM-2"", ""Trial-209_PCM-3""]",2.580553883,3.886064413,Error,3.886064413,,
"Any[""Trial-210_PCM-1"", ""Trial-210_PCM-2"", ""Trial-210_PCM-3""]",4.046459134,8.377493296,Error,8.377493296,,
"Any[""Trial-211_PCM-1"", ""Trial-211_PCM-2"", ""Trial-211_PCM-3""]",Error,Error,Error,FALSE,,
"Any[""Trial-212_PCM-1"", ""Trial-212_PCM-2"", ""Trial-212_PCM-3""]",Error,Error,Error,FALSE,,
"Any[""Trial-213_PCM-1"", ""Trial-213_PCM-2"", ""Trial-213_PCM-3""]",1.426702147,1.39675E-06,1.4E-06,FALSE,,
"Any[""Trial-214_PCM-1"", ""Trial-214_PCM-2"", ""Trial-214_PCM-3""]",Error,Error,Error,FALSE,,
"Any[""Trial-215_PCM-1"", ""Trial-215_PCM-2"", ""Trial-215_PCM-3""]",Error,Error,Error,FALSE,,
"Any[""Trial-216_PCM-1"", ""Trial-216_PCM-2"", ""Trial-216_PCM-3""]",Error,Error,Error,FALSE,,
"Any[""Trial-217_PCM-1"", ""Trial-217_PCM-2"", ""Trial-217_PCM-3""]",Error,Error,Error,FALSE,,
"Any[""Trial-218_PCM-1"", ""Trial-218_PCM-2"", ""Trial-218_PCM-3""]",Error,Error,Error,FALSE,,
"Any[""Trial-219_PCM-1"", ""Trial-219_PCM-2"", ""Trial-219_PCM-3""]",Error,Error,Error,FALSE,,
"Any[""Trial-220_PCM-1"", ""Trial-220_PCM-2"", ""Trial-220_PCM-3""]",Error,Error,Error,FALSE,,
"Any[""Trial-221_PCM-1"", ""Trial-221_PCM-2"", ""Trial-221_PCM-3""]",Error,Error,Error,FALSE,,
"Any[""Trial-222_PCM-1"", ""Trial-222_PCM-2"", ""Trial-222_PCM-3""]",Error,Error,Error,FALSE,,
"Any[""Trial-223_PCM-1"", ""Trial-223_PCM-2"", ""Trial-223_PCM-3""]",Error,Error,Error,FALSE,,
"Any[""Trial-224_PCM-1"", ""Trial-224_PCM-2"", ""Trial-224_PCM-3""]",Error,2.772590083,2.772590083,FALSE,,
"Any[""Trial-225_PCM-1"", ""Trial-225_PCM-2"", ""Trial-225_PCM-3""]",Error,Error,Error,FALSE,,
"Any[""Trial-226_PCM-1"", ""Trial-226_PCM-2"", ""Trial-226_PCM-3""]",Error,Error,Error,FALSE,,
"Any[""Trial-227_PCM-1"", ""Trial-227_PCM-2"", ""Trial-227_PCM-3""]",Error,Error,Error,FALSE,,
"Any[""Trial-228_PCM-1"", ""Trial-228_PCM-2"", ""Trial-228_PCM-3""]",Error,Error,Error,FALSE,,
"Any[""Trial-229_PCM-1"", ""Trial-229_PCM-2"", ""Trial-229_PCM-3""]",Error,Error,Error,FALSE,,
"Any[""Trial-230_PCM-1"", ""Trial-230_PCM-2"", ""Trial-230_PCM-3""]",Error,Error,Error,FALSE,,
"Any[""Trial-231_PCM-1"", ""Trial-231_PCM-2"", ""Trial-231_PCM-3""]",Error,Error,Error,FALSE,,
"Any[""Trial-232_PCM-1"", ""Trial-232_PCM-2"", ""Trial-232_PCM-3""]",Error,Error,Error,FALSE,,
"Any[""Trial-233_PCM-1"", ""Trial-233_PCM-2"", ""Trial-233_PCM-3""]",Error,Error,Error,FALSE,,
"Any[""Trial-234_PCM-1"", ""Trial-234_PCM-2"", ""Trial-234_PCM-3""]",Error,Error,Error,FALSE,,
"Any[""Trial-235_PCM-1"", ""Trial-235_PCM-2"", ""Trial-235_PCM-3""]",Error,Error,Error,FALSE,,
"Any[""Trial-236_PCM-1"", ""Trial-236_PCM-2"", ""Trial-236_PCM-3""]",Error,Error,Error,FALSE,,
"Any[""Trial-237_PCM-1"", ""Trial-237_PCM-2"", ""Trial-237_PCM-3""]",Error,Error,Error,FALSE,,
"Any[""Trial-238_PCM-1"", ""Trial-238_PCM-2"", ""Trial-238_PCM-3""]",Error,Error,Error,FALSE,,
"Any[""Trial-239_PCM-1"", ""Trial-239_PCM-2"", ""Trial-239_PCM-3""]",Error,Error,Error,FALSE,,
"Any[""Trial-240_PCM-1"", ""Trial-240_PCM-2"", ""Trial-240_PCM-3""]",Error,Error,Error,FALSE,,
"Any[""Trial-241_PCM-1"", ""Trial-241_PCM-2"", ""Trial-241_PCM-3""]",Error,Error,Error,FALSE,,
"Any[""Trial-242_PCM-1"", ""Trial-242_PCM-2"", ""Trial-242_PCM-3""]",Error,Error,Error,FALSE,,
"Any[""Trial-243_PCM-1"", ""Trial-243_PCM-2"", ""Trial-243_PCM-3""]",Error,Error,Error,FALSE,,
"Any[""Trial-244_PCM-1"", ""Trial-244_PCM-2"", ""Trial-244_PCM-3""]",Error,Error,Error,FALSE,,
"Any[""Trial-245_PCM-1"", ""Trial-245_PCM-2"", ""Trial-245_PCM-3""]",2.528748087,4.235692684,Error,4.235692684,,
"Any[""Trial-246_PCM-1"", ""Trial-246_PCM-2"", ""Trial-246_PCM-3""]",Error,Error,Error,FALSE,,
"Any[""Trial-247_PCM-1"", ""Trial-247_PCM-2"", ""Trial-247_PCM-3""]",Error,Error,Error,FALSE,,
"Any[""Trial-248_PCM-1"", ""Trial-248_PCM-2"", ""Trial-248_PCM-3""]",Error,Error,Error,FALSE,,
"Any[""Trial-249_PCM-1"", ""Trial-249_PCM-2"", ""Trial-249_PCM-3""]",Error,Error,Error,FALSE,,
"Any[""Trial-250_PCM-1"", ""Trial-250_PCM-2"", ""Trial-250_PCM-3""]",Error,Error,Error,FALSE,,
"Any[""Trial-251_PCM-1"", ""Trial-251_PCM-2"", ""Trial-251_PCM-3""]",0.562671282,1.775520782,Error,1.775520782,,
"Any[""Trial-252_PCM-1"", ""Trial-252_PCM-2"", ""Trial-252_PCM-3""]",4.394449515,2.772589787,2.772589787,FALSE,,
"Any[""Trial-253_PCM-1"", ""Trial-253_PCM-2"", ""Trial-253_PCM-3""]",Error,4.394449924,4.394449924,FALSE,,
"Any[""Trial-254_PCM-1"", ""Trial-254_PCM-2"", ""Trial-254_PCM-3""]",Error,Error,Error,FALSE,,
"Any[""Trial-255_PCM-1"", ""Trial-255_PCM-2"", ""Trial-255_PCM-3""]",Error,Error,Error,FALSE,,
"Any[""Trial-256_PCM-1"", ""Trial-256_PCM-2"", ""Trial-256_PCM-3""]",Error,Error,Error,FALSE,,
"Any[""Trial-257_PCM-1"", ""Trial-257_PCM-2"", ""Trial-257_PCM-3""]",Error,Error,Error,FALSE,,
"Any[""Trial-258_PCM-1"", ""Trial-258_PCM-2"", ""Trial-258_PCM-3""]",Error,Error,Error,FALSE,,
"Any[""Trial-259_PCM-1"", ""Trial-259_PCM-2"", ""Trial-259_PCM-3""]",Error,Error,Error,FALSE,,
"Any[""Trial-260_PCM-1"", ""Trial-260_PCM-2"", ""Trial-260_PCM-3""]",Error,Error,Error,FALSE,,
"Any[""Trial-261_PCM-1"", ""Trial-261_PCM-2"", ""Trial-261_PCM-3""]",Error,Error,Error,FALSE,,
"Any[""Trial-262_PCM-1"", ""Trial-262_PCM-2"", ""Trial-262_PCM-3""]",Error,Error,Error,FALSE,,
"Any[""Trial-263_PCM-1"", ""Trial-263_PCM-2"", ""Trial-263_PCM-3""]",Error,Error,Error,FALSE,,
"Any[""Trial-264_PCM-1"", ""Trial-264_PCM-2"", ""Trial-264_PCM-3""]",Error,Error,Error,FALSE,,
"Any[""Trial-265_PCM-1"", ""Trial-265_PCM-2"", ""Trial-265_PCM-3""]",Error,Error,Error,FALSE,,
"Any[""Trial-266_PCM-1"", ""Trial-266_PCM-2"", ""Trial-266_PCM-3""]",Error,Error,Error,FALSE,,
"Any[""Trial-267_PCM-1"", ""Trial-267_PCM-2"", ""Trial-267_PCM-3""]",Error,Error,Error,FALSE,,
"Any[""Trial-268_PCM-1"", ""Trial-268_PCM-2"", ""Trial-268_PCM-3""]",1.19E-05,1.17631E-05,Error,1.17631E-05,,
"Any[""Trial-269_PCM-1"", ""Trial-269_PCM-2"", ""Trial-269_PCM-3""]",Error,Error,Error,FALSE,,
"Any[""Trial-270_PCM-1"", ""Trial-270_PCM-2"", ""Trial-270_PCM-3""]",5.418184004,4.394451166,4.394451166,FALSE,,
"Any[""Trial-271_PCM-1"", ""Trial-271_PCM-2"", ""Trial-271_PCM-3""]",Error,Error,Error,FALSE,,
"Any[""Trial-272_PCM-1"", ""Trial-272_PCM-2"", ""Trial-272_PCM-3""]",Error,Error,Error,FALSE,,
"Any[""Trial-273_PCM-1"", ""Trial-273_PCM-2"", ""Trial-273_PCM-3""]",Error,2.77258961,2.77258961,FALSE,,
"Any[""Trial-274_PCM-1"", ""Trial-274_PCM-2"", ""Trial-274_PCM-3""]",Error,Error,Error,FALSE,,
"Any[""Trial-275_PCM-1"", ""Trial-275_PCM-2"", ""Trial-275_PCM-3""]",Error,Error,Error,FALSE,,
"Any[""Trial-276_PCM-1"", ""Trial-276_PCM-2"", ""Trial-276_PCM-3""]",Error,Error,Error,FALSE,,
"Any[""Trial-277_PCM-1"", ""Trial-277_PCM-2"", ""Trial-277_PCM-3""]",Error,Error,Error,FALSE,,
"Any[""Trial-278_PCM-1"", ""Trial-278_PCM-2"", ""Trial-278_PCM-3""]",Error,Error,Error,FALSE,,
"Any[""Trial-279_PCM-1"", ""Trial-279_PCM-2"", ""Trial-279_PCM-3""]",Error,Error,Error,FALSE,,
"Any[""Trial-280_PCM-1"", ""Trial-280_PCM-2"", ""Trial-280_PCM-3""]",Error,Error,Error,FALSE,,
"Any[""Trial-281_PCM-1"", ""Trial-281_PCM-2"", ""Trial-281_PCM-3""]",Error,Error,Error,FALSE,,
"Any[""Trial-282_PCM-1"", ""Trial-282_PCM-2"", ""Trial-282_PCM-3""]",Error,Error,Error,FALSE,,
"Any[""Trial-283_PCM-1"", ""Trial-283_PCM-2"", ""Trial-283_PCM-3""]",Error,Error,Error,FALSE,,
"Any[""Trial-284_PCM-1"", ""Trial-284_PCM-2"", ""Trial-284_PCM-3""]",Error,Error,Error,FALSE,,
"Any[""Trial-285_PCM-1"", ""Trial-285_PCM-2"", ""Trial-285_PCM-3""]",Error,Error,Error,FALSE,,
"Any[""Trial-286_PCM-1"", ""Trial-286_PCM-2"", ""Trial-286_PCM-3""]",Error,Error,Error,FALSE,,
"Any[""Trial-287_PCM-1"", ""Trial-287_PCM-2"", ""Trial-287_PCM-3""]",Error,Error,Error,FALSE,,
"Any[""Trial-288_PCM-1"", ""Trial-288_PCM-2"", ""Trial-288_PCM-3""]",Error,Error,Error,FALSE,,
"Any[""Trial-289_PCM-1"", ""Trial-289_PCM-2"", ""Trial-289_PCM-3""]",Error,Error,Error,FALSE,,
"Any[""Trial-290_PCM-1"", ""Trial-290_PCM-2"", ""Trial-290_PCM-3""]",Error,Error,Error,FALSE,,
"Any[""Trial-291_PCM-1"", ""Trial-291_PCM-2"", ""Trial-291_PCM-3""]",Error,Error,Error,FALSE,,
"Any[""Trial-292_PCM-1"", ""Trial-292_PCM-2"", ""Trial-292_PCM-3""]",Error,Error,Error,FALSE,,
"Any[""Trial-293_PCM-1"", ""Trial-293_PCM-2"", ""Trial-293_PCM-3""]",2.238464676,2.41964E-06,2.42E-06,FALSE,,
"Any[""Trial-294_PCM-1"", ""Trial-294_PCM-2"", ""Trial-294_PCM-3""]",Error,Error,Error,FALSE,,
"Any[""Trial-295_PCM-1"", ""Trial-295_PCM-2"", ""Trial-295_PCM-3""]",Error,Error,Error,FALSE,,
"Any[""Trial-296_PCM-1"", ""Trial-296_PCM-2"", ""Trial-296_PCM-3""]",Error,Error,Error,FALSE,,
"Any[""Trial-297_PCM-1"", ""Trial-297_PCM-2"", ""Trial-297_PCM-3""]",Error,Error,Error,FALSE,,
"Any[""Trial-298_PCM-1"", ""Trial-298_PCM-2"", ""Trial-298_PCM-3""]",Error,Error,Error,FALSE,,
"Any[""Trial-299_PCM-1"", ""Trial-299_PCM-2"", ""Trial-299_PCM-3""]",Error,Error,Error,FALSE,,
"Any[""Trial-300_PCM-1"", ""Trial-300_PCM-2"", ""Trial-300_PCM-3""]",Error,Error,Error,FALSE,,
"Any[""Trial-301_PCM-1"", ""Trial-301_PCM-2"", ""Trial-301_PCM-3""]",Error,Error,Error,FALSE,,
"Any[""Trial-302_PCM-1"", ""Trial-302_PCM-2"", ""Trial-302_PCM-3""]",Error,Error,Error,FALSE,,
"Any[""Trial-303_PCM-1"", ""Trial-303_PCM-2"", ""Trial-303_PCM-3""]",Error,Error,Error,FALSE,,
"Any[""Trial-304_PCM-1"", ""Trial-304_PCM-2"", ""Trial-304_PCM-3""]",Error,Error,Error,FALSE,,
"Any[""Trial-305_PCM-1"", ""Trial-305_PCM-2"", ""Trial-305_PCM-3""]",Error,Error,Error,FALSE,,
"Any[""Trial-306_PCM-1"", ""Trial-306_PCM-2"", ""Trial-306_PCM-3""]",Error,4.394450467,4.394450467,FALSE,,
"Any[""Trial-307_PCM-1"", ""Trial-307_PCM-2"", ""Trial-307_PCM-3""]",Error,Error,Error,FALSE,,
"Any[""Trial-308_PCM-1"", ""Trial-308_PCM-2"", ""Trial-308_PCM-3""]",Error,Error,Error,FALSE,,
"Any[""Trial-309_PCM-1"", ""Trial-309_PCM-2"", ""Trial-309_PCM-3""]",Error,Error,Error,FALSE,,
"Any[""Trial-310_PCM-1"", ""Trial-310_PCM-2"", ""Trial-310_PCM-3""]",Error,Error,Error,FALSE,,
"Any[""Trial-311_PCM-1"", ""Trial-311_PCM-2"", ""Trial-311_PCM-3""]",Error,Error,Error,FALSE,,
"Any[""Trial-312_PCM-1"", ""Trial-312_PCM-2"", ""Trial-312_PCM-3""]",Error,Error,Error,FALSE,,
"Any[""Trial-313_PCM-1"", ""Trial-313_PCM-2"", ""Trial-313_PCM-3""]",Error,Error,Error,FALSE,,
"Any[""Trial-314_PCM-1"", ""Trial-314_PCM-2"", ""Trial-314_PCM-3""]",Error,4.046405167,4.046405167,FALSE,,
"Any[""Trial-315_PCM-1"", ""Trial-315_PCM-2"", ""Trial-315_PCM-3""]",Error,Error,Error,FALSE,,
"Any[""Trial-316_PCM-1"", ""Trial-316_PCM-2"", ""Trial-316_PCM-3""]",Error,Error,Error,FALSE,,
"Any[""Trial-317_PCM-1"", ""Trial-317_PCM-2"", ""Trial-317_PCM-3""]",Error,Error,Error,FALSE,,
"Any[""Trial-318_PCM-1"", ""Trial-318_PCM-2"", ""Trial-318_PCM-3""]",Error,Error,Error,FALSE,,
"Any[""Trial-319_PCM-1"", ""Trial-319_PCM-2"", ""Trial-319_PCM-3""]",Error,Error,Error,FALSE,,
"Any[""Trial-320_PCM-1"", ""Trial-320_PCM-2"", ""Trial-320_PCM-3""]",Error,Error,Error,FALSE,,
"Any[""Trial-321_PCM-1"", ""Trial-321_PCM-2"", ""Trial-321_PCM-3""]",Error,Error,Error,FALSE,,
"Any[""Trial-322_PCM-1"", ""Trial-322_PCM-2"", ""Trial-322_PCM-3""]",Error,Error,Error,FALSE,,
"Any[""Trial-323_PCM-1"", ""Trial-323_PCM-2"", ""Trial-323_PCM-3""]",Error,Error,Error,FALSE,,
"Any[""Trial-324_PCM-1"", ""Trial-324_PCM-2"", ""Trial-324_PCM-3""]",Error,Error,Error,FALSE,,
"Any[""Trial-325_PCM-1"", ""Trial-325_PCM-2"", ""Trial-325_PCM-3""]",Error,Error,Error,FALSE,,
"Any[""Trial-326_PCM-1"", ""Trial-326_PCM-2"", ""Trial-326_PCM-3""]",Error,Error,Error,FALSE,,
"Any[""Trial-327_PCM-1"", ""Trial-327_PCM-2"", ""Trial-327_PCM-3""]",Error,Error,Error,FALSE,,
"Any[""Trial-328_PCM-1"", ""Trial-328_PCM-2"", ""Trial-328_PCM-3""]",Error,Error,Error,FALSE,,
"Any[""Trial-329_PCM-1"", ""Trial-329_PCM-2"", ""Trial-329_PCM-3""]",Error,Error,Error,FALSE,,
"Any[""Trial-330_PCM-1"", ""Trial-330_PCM-2"", ""Trial-330_PCM-3""]",4.394449329,2.772590118,2.772590118,FALSE,,
"Any[""Trial-331_PCM-1"", ""Trial-331_PCM-2"", ""Trial-331_PCM-3""]",Error,Error,Error,FALSE,,
"Any[""Trial-332_PCM-1"", ""Trial-332_PCM-2"", ""Trial-332_PCM-3""]",3.11636,3.892908558,Error,3.892908558,,
"Any[""Trial-333_PCM-1"", ""Trial-333_PCM-2"", ""Trial-333_PCM-3""]",Error,Error,Error,FALSE,,
"Any[""Trial-334_PCM-1"", ""Trial-334_PCM-2"", ""Trial-334_PCM-3""]",Error,Error,Error,FALSE,,
"Any[""Trial-335_PCM-1"", ""Trial-335_PCM-2"", ""Trial-335_PCM-3""]",0.650087963,4.291550288,Error,4.291550288,,
"Any[""Trial-336_PCM-1"", ""Trial-336_PCM-2"", ""Trial-336_PCM-3""]",Error,Error,Error,FALSE,,
"Any[""Trial-337_PCM-1"", ""Trial-337_PCM-2"", ""Trial-337_PCM-3""]",Error,Error,Error,FALSE,,
"Any[""Trial-338_PCM-1"", ""Trial-338_PCM-2"", ""Trial-338_PCM-3""]",Error,Error,Error,FALSE,,
"Any[""Trial-339_PCM-1"", ""Trial-339_PCM-2"", ""Trial-339_PCM-3""]",Error,Error,Error,FALSE,,
"Any[""Trial-340_PCM-1"", ""Trial-340_PCM-2"", ""Trial-340_PCM-3""]",Error,Error,Error,FALSE,,
"Any[""Trial-341_PCM-1"", ""Trial-341_PCM-2"", ""Trial-341_PCM-3""]",Error,Error,Error,FALSE,,
"Any[""Trial-342_PCM-1"", ""Trial-342_PCM-2"", ""Trial-342_PCM-3""]",Error,Error,Error,FALSE,,
"Any[""Trial-343_PCM-1"", ""Trial-343_PCM-2"", ""Trial-343_PCM-3""]",2.602355734,4.826998965,Error,4.826998965,,
"Any[""Trial-344_PCM-1"", ""Trial-344_PCM-2"", ""Trial-344_PCM-3""]",Error,Error,Error,FALSE,,
"Any[""Trial-345_PCM-1"", ""Trial-345_PCM-2"", ""Trial-345_PCM-3""]",Error,Error,Error,FALSE,,
"Any[""Trial-346_PCM-1"", ""Trial-346_PCM-2"", ""Trial-346_PCM-3""]",Error,Error,Error,FALSE,,
"Any[""Trial-347_PCM-1"", ""Trial-347_PCM-2"", ""Trial-347_PCM-3""]",Error,Error,Error,FALSE,,
"Any[""Trial-348_PCM-1"", ""Trial-348_PCM-2"", ""Trial-348_PCM-3""]",Error,Error,Error,FALSE,,
"Any[""Trial-349_PCM-1"", ""Trial-349_PCM-2"", ""Trial-349_PCM-3""]",Error,Error,Error,FALSE,,
"Any[""Trial-350_PCM-1"", ""Trial-350_PCM-2"", ""Trial-350_PCM-3""]",4.199292431,4.394450238,4.394450238,FALSE,,
"Any[""Trial-351_PCM-1"", ""Trial-351_PCM-2"", ""Trial-351_PCM-3""]",Error,Error,Error,FALSE,,
"Any[""Trial-352_PCM-1"", ""Trial-352_PCM-2"", ""Trial-352_PCM-3""]",Error,Error,Error,FALSE,,
"Any[""Trial-353_PCM-1"", ""Trial-353_PCM-2"", ""Trial-353_PCM-3""]",Error,Error,Error,FALSE,,
"Any[""Trial-354_PCM-1"", ""Trial-354_PCM-2"", ""Trial-354_PCM-3""]",Error,Error,Error,FALSE,,
"Any[""Trial-355_PCM-1"", ""Trial-355_PCM-2"", ""Trial-355_PCM-3""]",Error,Error,Error,FALSE,,
"Any[""Trial-356_PCM-1"", ""Trial-356_PCM-2"", ""Trial-356_PCM-3""]",Error,Error,Error,FALSE,,
"Any[""Trial-357_PCM-1"", ""Trial-357_PCM-2"", ""Trial-357_PCM-3""]",5.36E-06,0.857859704,Error,0.857859704,,
"Any[""Trial-358_PCM-1"", ""Trial-358_PCM-2"", ""Trial-358_PCM-3""]",Error,Error,Error,FALSE,,
"Any[""Trial-359_PCM-1"", ""Trial-359_PCM-2"", ""Trial-359_PCM-3""]",Error,Error,Error,FALSE,,
"Any[""Trial-360_PCM-1"", ""Trial-360_PCM-2"", ""Trial-360_PCM-3""]",Error,Error,Error,FALSE,,
"Any[""Trial-361_PCM-1"", ""Trial-361_PCM-2"", ""Trial-361_PCM-3""]",Error,Error,Error,FALSE,,
"Any[""Trial-362_PCM-1"", ""Trial-362_PCM-2"", ""Trial-362_PCM-3""]",Error,Error,Error,FALSE,,
"Any[""Trial-363_PCM-1"", ""Trial-363_PCM-2"", ""Trial-363_PCM-3""]",Error,Error,Error,FALSE,,
"Any[""Trial-364_PCM-1"", ""Trial-364_PCM-2"", ""Trial-364_PCM-3""]",Error,Error,Error,FALSE,,
"Any[""Trial-365_PCM-1"", ""Trial-365_PCM-2"", ""Trial-365_PCM-3""]",Error,Error,Error,FALSE,,
"Any[""Trial-366_PCM-1"", ""Trial-366_PCM-2"", ""Trial-366_PCM-3""]",4.51E-06,1.761749206,Error,1.761749206,,
"Any[""Trial-367_PCM-1"", ""Trial-367_PCM-2"", ""Trial-367_PCM-3""]",Error,Error,Error,FALSE,,
"Any[""Trial-368_PCM-1"", ""Trial-368_PCM-2"", ""Trial-368_PCM-3""]",Error,Error,Error,FALSE,,
"Any[""Trial-369_PCM-1"", ""Trial-369_PCM-2"", ""Trial-369_PCM-3""]",Error,Error,Error,FALSE,,
"Any[""Trial-370_PCM-1"", ""Trial-370_PCM-2"", ""Trial-370_PCM-3""]",Error,Error,Error,FALSE,,
"Any[""Trial-371_PCM-1"", ""Trial-371_PCM-2"", ""Trial-371_PCM-3""]",Error,Error,Error,FALSE,,
"Any[""Trial-372_PCM-1"", ""Trial-372_PCM-2"", ""Trial-372_PCM-3""]",Error,Error,Error,FALSE,,
"Any[""Trial-373_PCM-1"", ""Trial-373_PCM-2"", ""Trial-373_PCM-3""]",Error,Error,Error,FALSE,,
"Any[""Trial-374_PCM-1"", ""Trial-374_PCM-2"", ""Trial-374_PCM-3""]",Error,Error,Error,FALSE,,
"Any[""Trial-375_PCM-1"", ""Trial-375_PCM-2"", ""Trial-375_PCM-3""]",Error,Error,Error,FALSE,,
"Any[""Trial-376_PCM-1"", ""Trial-376_PCM-2"", ""Trial-376_PCM-3""]",Error,Error,Error,FALSE,,
"Any[""Trial-377_PCM-1"", ""Trial-377_PCM-2"", ""Trial-377_PCM-3""]",Error,Error,Error,FALSE,,
"Any[""Trial-378_PCM-1"", ""Trial-378_PCM-2"", ""Trial-378_PCM-3""]",Error,Error,Error,FALSE,,
"Any[""Trial-379_PCM-1"", ""Trial-379_PCM-2"", ""Trial-379_PCM-3""]",Error,Error,Error,FALSE,,
"Any[""Trial-380_PCM-1"", ""Trial-380_PCM-2"", ""Trial-380_PCM-3""]",Error,Error,Error,FALSE,,
"Any[""Trial-381_PCM-1"", ""Trial-381_PCM-2"", ""Trial-381_PCM-3""]",7.89E-06,2.700071086,Error,2.700071086,,
"Any[""Trial-382_PCM-1"", ""Trial-382_PCM-2"", ""Trial-382_PCM-3""]",Error,Error,Error,FALSE,,
"Any[""Trial-383_PCM-1"", ""Trial-383_PCM-2"", ""Trial-383_PCM-3""]",Error,Error,Error,FALSE,,
"Any[""Trial-384_PCM-1"", ""Trial-384_PCM-2"", ""Trial-384_PCM-3""]",Error,Error,Error,FALSE,,
"Any[""Trial-385_PCM-1"", ""Trial-385_PCM-2"", ""Trial-385_PCM-3""]",Error,Error,Error,FALSE,,
"Any[""Trial-386_PCM-1"", ""Trial-386_PCM-2"", ""Trial-386_PCM-3""]",Error,Error,Error,FALSE,,
"Any[""Trial-387_PCM-1"", ""Trial-387_PCM-2"", ""Trial-387_PCM-3""]",Error,Error,Error,FALSE,,
"Any[""Trial-388_PCM-1"", ""Trial-388_PCM-2"", ""Trial-388_PCM-3""]",Error,Error,Error,FALSE,,
"Any[""Trial-389_PCM-1"", ""Trial-389_PCM-2"", ""Trial-389_PCM-3""]",Error,Error,Error,FALSE,,
"Any[""Trial-390_PCM-1"", ""Trial-390_PCM-2"", ""Trial-390_PCM-3""]",Error,Error,Error,FALSE,,
"Any[""Trial-391_PCM-1"", ""Trial-391_PCM-2"", ""Trial-391_PCM-3""]",Error,Error,Error,FALSE,,
"Any[""Trial-392_PCM-1"", ""Trial-392_PCM-2"", ""Trial-392_PCM-3""]",Error,Error,Error,FALSE,,
"Any[""Trial-393_PCM-1"", ""Trial-393_PCM-2"", ""Trial-393_PCM-3""]",Error,Error,Error,FALSE,,
"Any[""Trial-394_PCM-1"", ""Trial-394_PCM-2"", ""Trial-394_PCM-3""]",Error,Error,Error,FALSE,,
"Any[""Trial-395_PCM-1"", ""Trial-395_PCM-2"", ""Trial-395_PCM-3""]",Error,Error,Error,FALSE,,
"Any[""Trial-396_PCM-1"", ""Trial-396_PCM-2"", ""Trial-396_PCM-3""]",Error,Error,Error,FALSE,,
"Any[""Trial-397_PCM-1"", ""Trial-397_PCM-2"", ""Trial-397_PCM-3""]",Error,Error,Error,FALSE,,
"Any[""Trial-398_PCM-1"", ""Trial-398_PCM-2"", ""Trial-398_PCM-3""]",1.04E-06,9.85343E-07,Error,9.85343E-07,,
"Any[""Trial-399_PCM-1"", ""Trial-399_PCM-2"", ""Trial-399_PCM-3""]",4.394449788,2.772590101,2.772590101,FALSE,,
"Any[""Trial-400_PCM-1"", ""Trial-400_PCM-2"", ""Trial-400_PCM-3""]",Error,Error,Error,FALSE,,
"Any[""Trial-401_PCM-1"", ""Trial-401_PCM-2"", ""Trial-401_PCM-3""]",Error,Error,Error,FALSE,,
"Any[""Trial-402_PCM-1"", ""Trial-402_PCM-2"", ""Trial-402_PCM-3""]",Error,Error,Error,FALSE,,
"Any[""Trial-403_PCM-1"", ""Trial-403_PCM-2"", ""Trial-403_PCM-3""]",Error,Error,Error,FALSE,,
"Any[""Trial-404_PCM-1"", ""Trial-404_PCM-2"", ""Trial-404_PCM-3""]",Error,1.11785E-06,1.12E-06,FALSE,,
"Any[""Trial-405_PCM-1"", ""Trial-405_PCM-2"", ""Trial-405_PCM-3""]",Error,Error,Error,FALSE,,
"Any[""Trial-406_PCM-1"", ""Trial-406_PCM-2"", ""Trial-406_PCM-3""]",Error,Error,Error,FALSE,,
"Any[""Trial-407_PCM-1"", ""Trial-407_PCM-2"", ""Trial-407_PCM-3""]",Error,Error,Error,FALSE,,
"Any[""Trial-408_PCM-1"", ""Trial-408_PCM-2"", ""Trial-408_PCM-3""]",Error,Error,Error,FALSE,,
"Any[""Trial-409_PCM-1"", ""Trial-409_PCM-2"", ""Trial-409_PCM-3""]",Error,Error,Error,FALSE,,
"Any[""Trial-410_PCM-1"", ""Trial-410_PCM-2"", ""Trial-410_PCM-3""]",Error,Error,Error,FALSE,,
"Any[""Trial-411_PCM-1"", ""Trial-411_PCM-2"", ""Trial-411_PCM-3""]",Error,Error,Error,FALSE,,
"Any[""Trial-412_PCM-1"", ""Trial-412_PCM-2"", ""Trial-412_PCM-3""]",Error,Error,Error,FALSE,,
"Any[""Trial-413_PCM-1"", ""Trial-413_PCM-2"", ""Trial-413_PCM-3""]",4.394449539,3.18532731,3.18532731,FALSE,,
"Any[""Trial-414_PCM-1"", ""Trial-414_PCM-2"", ""Trial-414_PCM-3""]",2.239773342,3.893730427,Error,3.893730427,,
"Any[""Trial-415_PCM-1"", ""Trial-415_PCM-2"", ""Trial-415_PCM-3""]",Error,Error,Error,FALSE,,
"Any[""Trial-416_PCM-1"", ""Trial-416_PCM-2"", ""Trial-416_PCM-3""]",Error,Error,Error,FALSE,,
"Any[""Trial-417_PCM-1"", ""Trial-417_PCM-2"", ""Trial-417_PCM-3""]",Error,Error,Error,FALSE,,
"Any[""Trial-418_PCM-1"", ""Trial-418_PCM-2"", ""Trial-418_PCM-3""]",Error,Error,Error,FALSE,,
"Any[""Trial-419_PCM-1"", ""Trial-419_PCM-2"", ""Trial-419_PCM-3""]",Error,Error,Error,FALSE,,
"Any[""Trial-420_PCM-1"", ""Trial-420_PCM-2"", ""Trial-420_PCM-3""]",Error,Error,Error,FALSE,,
"Any[""Trial-421_PCM-1"", ""Trial-421_PCM-2"", ""Trial-421_PCM-3""]",0.997846635,1.946807602,Error,1.946807602,,
"Any[""Trial-422_PCM-1"", ""Trial-422_PCM-2"", ""Trial-422_PCM-3""]",Error,Error,Error,FALSE,,
"Any[""Trial-423_PCM-1"", ""Trial-423_PCM-2"", ""Trial-423_PCM-3""]",Error,Error,Error,FALSE,,
"Any[""Trial-424_PCM-1"", ""Trial-424_PCM-2"", ""Trial-424_PCM-3""]",Error,2.772590717,2.772590717,FALSE,,
"Any[""Trial-425_PCM-1"", ""Trial-425_PCM-2"", ""Trial-425_PCM-3""]",Error,Error,Error,FALSE,,
"Any[""Trial-426_PCM-1"", ""Trial-426_PCM-2"", ""Trial-426_PCM-3""]",Error,Error,Error,FALSE,,
"Any[""Trial-427_PCM-1"", ""Trial-427_PCM-2"", ""Trial-427_PCM-3""]",Error,Error,Error,FALSE,,
"Any[""Trial-428_PCM-1"", ""Trial-428_PCM-2"", ""Trial-428_PCM-3""]",Error,Error,Error,FALSE,,
"Any[""Trial-429_PCM-1"", ""Trial-429_PCM-2"", ""Trial-429_PCM-3""]",Error,Error,Error,FALSE,,
"Any[""Trial-430_PCM-1"", ""Trial-430_PCM-2"", ""Trial-430_PCM-3""]",Error,Error,Error,FALSE,,
"Any[""Trial-431_PCM-1"", ""Trial-431_PCM-2"", ""Trial-431_PCM-3""]",Error,Error,Error,FALSE,,
"Any[""Trial-432_PCM-1"", ""Trial-432_PCM-2"", ""Trial-432_PCM-3""]",0.717880043,3.658899567,Error,3.658899567,,
"Any[""Trial-433_PCM-1"", ""Trial-433_PCM-2"", ""Trial-433_PCM-3""]",Error,Error,Error,FALSE,,
"Any[""Trial-434_PCM-1"", ""Trial-434_PCM-2"", ""Trial-434_PCM-3""]",Error,Error,Error,FALSE,,
"Any[""Trial-435_PCM-1"", ""Trial-435_PCM-2"", ""Trial-435_PCM-3""]",Error,Error,Error,FALSE,,
"Any[""Trial-436_PCM-1"", ""Trial-436_PCM-2"", ""Trial-436_PCM-3""]",Error,Error,Error,FALSE,,
"Any[""Trial-437_PCM-1"", ""Trial-437_PCM-2"", ""Trial-437_PCM-3""]",Error,Error,Error,FALSE,,
"Any[""Trial-438_PCM-1"", ""Trial-438_PCM-2"", ""Trial-438_PCM-3""]",4.18E-06,3.14E-06,3.14E-06,FALSE,,
"Any[""Trial-439_PCM-1"", ""Trial-439_PCM-2"", ""Trial-439_PCM-3""]",Error,Error,Error,FALSE,,
"Any[""Trial-440_PCM-1"", ""Trial-440_PCM-2"", ""Trial-440_PCM-3""]",Error,Error,Error,FALSE,,
"Any[""Trial-441_PCM-1"", ""Trial-441_PCM-2"", ""Trial-441_PCM-3""]",Error,Error,Error,FALSE,,
"Any[""Trial-442_PCM-1"", ""Trial-442_PCM-2"", ""Trial-442_PCM-3""]",Error,Error,Error,FALSE,,
"Any[""Trial-443_PCM-1"", ""Trial-443_PCM-2"", ""Trial-443_PCM-3""]",Error,Error,Error,FALSE,,
"Any[""Trial-444_PCM-1"", ""Trial-444_PCM-2"", ""Trial-444_PCM-3""]",Error,Error,Error,FALSE,,
"Any[""Trial-445_PCM-1"", ""Trial-445_PCM-2"", ""Trial-445_PCM-3""]",Error,2.467099605,2.467099605,FALSE,,
"Any[""Trial-446_PCM-1"", ""Trial-446_PCM-2"", ""Trial-446_PCM-3""]",2.580554598,4.142716887,Error,4.142716887,,
"Any[""Trial-447_PCM-1"", ""Trial-447_PCM-2"", ""Trial-447_PCM-3""]",Error,Error,Error,FALSE,,
"Any[""Trial-448_PCM-1"", ""Trial-448_PCM-2"", ""Trial-448_PCM-3""]",Error,Error,Error,FALSE,,
"Any[""Trial-449_PCM-1"", ""Trial-449_PCM-2"", ""Trial-449_PCM-3""]",Error,Error,Error,FALSE,,
"Any[""Trial-450_PCM-1"", ""Trial-450_PCM-2"", ""Trial-450_PCM-3""]",4.394449755,3.185326939,3.185326939,FALSE,,
"Any[""Trial-451_PCM-1"", ""Trial-451_PCM-2"", ""Trial-451_PCM-3""]",Error,Error,Error,FALSE,,
"Any[""Trial-452_PCM-1"", ""Trial-452_PCM-2"", ""Trial-452_PCM-3""]",2.02E-06,0.670525693,Error,0.670525693,,
"Any[""Trial-453_PCM-1"", ""Trial-453_PCM-2"", ""Trial-453_PCM-3""]",Error,Error,Error,FALSE,,
"Any[""Trial-454_PCM-1"", ""Trial-454_PCM-2"", ""Trial-454_PCM-3""]",Error,Error,Error,FALSE,,
"Any[""Trial-455_PCM-1"", ""Trial-455_PCM-2"", ""Trial-455_PCM-3""]",Error,Error,Error,FALSE,,
"Any[""Trial-456_PCM-1"", ""Trial-456_PCM-2"", ""Trial-456_PCM-3""]",Error,Error,Error,FALSE,,
"Any[""Trial-457_PCM-1"", ""Trial-457_PCM-2"", ""Trial-457_PCM-3""]",Error,Error,Error,FALSE,,
"Any[""Trial-458_PCM-1"", ""Trial-458_PCM-2"", ""Trial-458_PCM-3""]",Error,Error,Error,FALSE,,
"Any[""Trial-459_PCM-1"", ""Trial-459_PCM-2"", ""Trial-459_PCM-3""]",Error,Error,Error,FALSE,,
"Any[""Trial-460_PCM-1"", ""Trial-460_PCM-2"", ""Trial-460_PCM-3""]",Error,Error,Error,FALSE,,
"Any[""Trial-461_PCM-1"", ""Trial-461_PCM-2"", ""Trial-461_PCM-3""]",Error,Error,Error,FALSE,,
"Any[""Trial-462_PCM-1"", ""Trial-462_PCM-2"", ""Trial-462_PCM-3""]",Error,Error,Error,FALSE,,
"Any[""Trial-463_PCM-1"", ""Trial-463_PCM-2"", ""Trial-463_PCM-3""]",Error,Error,Error,FALSE,,
"Any[""Trial-464_PCM-1"", ""Trial-464_PCM-2"", ""Trial-464_PCM-3""]",Error,Error,Error,FALSE,,
"Any[""Trial-465_PCM-1"", ""Trial-465_PCM-2"", ""Trial-465_PCM-3""]",Error,2.772589831,2.772589831,FALSE,,
"Any[""Trial-466_PCM-1"", ""Trial-466_PCM-2"", ""Trial-466_PCM-3""]",2.31E-06,2.07533E-06,2.08E-06,FALSE,,
"Any[""Trial-467_PCM-1"", ""Trial-467_PCM-2"", ""Trial-467_PCM-3""]",2.003106337,2.772590106,2.772590106,FALSE,,
"Any[""Trial-468_PCM-1"", ""Trial-468_PCM-2"", ""Trial-468_PCM-3""]",Error,Error,Error,FALSE,,
"Any[""Trial-469_PCM-1"", ""Trial-469_PCM-2"", ""Trial-469_PCM-3""]",Error,Error,Error,FALSE,,
"Any[""Trial-470_PCM-1"", ""Trial-470_PCM-2"", ""Trial-470_PCM-3""]",Error,Error,Error,FALSE,,
"Any[""Trial-471_PCM-1"", ""Trial-471_PCM-2"", ""Trial-471_PCM-3""]",Error,Error,Error,FALSE,,
"Any[""Trial-472_PCM-1"", ""Trial-472_PCM-2"", ""Trial-472_PCM-3""]",Error,Error,Error,FALSE,,
"Any[""Trial-473_PCM-1"", ""Trial-473_PCM-2"", ""Trial-473_PCM-3""]",4.72E-06,1.896631109,Error,1.896631109,,
"Any[""Trial-474_PCM-1"", ""Trial-474_PCM-2"", ""Trial-474_PCM-3""]",Error,Error,Error,FALSE,,
"Any[""Trial-475_PCM-1"", ""Trial-475_PCM-2"", ""Trial-475_PCM-3""]",Error,Error,Error,FALSE,,
"Any[""Trial-476_PCM-1"", ""Trial-476_PCM-2"", ""Trial-476_PCM-3""]",Error,Error,Error,FALSE,,
"Any[""Trial-477_PCM-1"", ""Trial-477_PCM-2"", ""Trial-477_PCM-3""]",Error,Error,Error,FALSE,,
"Any[""Trial-478_PCM-1"", ""Trial-478_PCM-2"", ""Trial-478_PCM-3""]",Error,Error,Error,FALSE,,
"Any[""Trial-479_PCM-1"", ""Trial-479_PCM-2"", ""Trial-479_PCM-3""]",Error,2.772589916,2.772589916,FALSE,,
"Any[""Trial-480_PCM-1"", ""Trial-480_PCM-2"", ""Trial-480_PCM-3""]",Error,Error,Error,FALSE,,
"Any[""Trial-481_PCM-1"", ""Trial-481_PCM-2"", ""Trial-481_PCM-3""]",Error,Error,Error,FALSE,,
"Any[""Trial-482_PCM-1"", ""Trial-482_PCM-2"", ""Trial-482_PCM-3""]",Error,Error,Error,FALSE,,
"Any[""Trial-483_PCM-1"", ""Trial-483_PCM-2"", ""Trial-483_PCM-3""]",Error,2.772589712,2.772589712,FALSE,,
"Any[""Trial-484_PCM-1"", ""Trial-484_PCM-2"", ""Trial-484_PCM-3""]",0.729290611,1.161078499,Error,1.161078499,,
"Any[""Trial-485_PCM-1"", ""Trial-485_PCM-2"", ""Trial-485_PCM-3""]",Error,Error,Error,FALSE,,
"Any[""Trial-486_PCM-1"", ""Trial-486_PCM-2"", ""Trial-486_PCM-3""]",Error,Error,Error,FALSE,,
"Any[""Trial-487_PCM-1"", ""Trial-487_PCM-2"", ""Trial-487_PCM-3""]",Error,Error,Error,FALSE,,
"Any[""Trial-488_PCM-1"", ""Trial-488_PCM-2"", ""Trial-488_PCM-3""]",Error,Error,Error,FALSE,,
"Any[""Trial-489_PCM-1"", ""Trial-489_PCM-2"", ""Trial-489_PCM-3""]",4.670424831,6.638974068,Error,6.638974068,,
"Any[""Trial-490_PCM-1"", ""Trial-490_PCM-2"", ""Trial-490_PCM-3""]",2.238464336,1.16045E-06,1.16E-06,FALSE,,
"Any[""Trial-491_PCM-1"", ""Trial-491_PCM-2"", ""Trial-491_PCM-3""]",Error,Error,Error,FALSE,,
"Any[""Trial-492_PCM-1"", ""Trial-492_PCM-2"", ""Trial-492_PCM-3""]",Error,Error,Error,FALSE,,
"Any[""Trial-493_PCM-1"", ""Trial-493_PCM-2"", ""Trial-493_PCM-3""]",Error,Error,Error,FALSE,,
"Any[""Trial-494_PCM-1"", ""Trial-494_PCM-2"", ""Trial-494_PCM-3""]",Error,Error,Error,FALSE,,
"Any[""Trial-495_PCM-1"", ""Trial-495_PCM-2"", ""Trial-495_PCM-3""]",Error,Error,Error,FALSE,,
"Any[""Trial-496_PCM-1"", ""Trial-496_PCM-2"", ""Trial-496_PCM-3""]",Error,Error,Error,FALSE,,
"Any[""Trial-497_PCM-1"", ""Trial-497_PCM-2"", ""Trial-497_PCM-3""]",Error,Error,Error,FALSE,,
"Any[""Trial-498_PCM-1"", ""Trial-498_PCM-2"", ""Trial-498_PCM-3""]",Error,Error,Error,FALSE,,
"Any[""Trial-499_PCM-1"", ""Trial-499_PCM-2"", ""Trial-499_PCM-3""]",Error,Error,Error,FALSE,,
"Any[""Trial-500_PCM-1"", ""Trial-500_PCM-2"", ""Trial-500_PCM-3""]",Error,Error,Error,FALSE,,
"Any[""Trial-501_PCM-1"", ""Trial-501_PCM-2"", ""Trial-501_PCM-3""]",Error,Error,Error,FALSE,,
"Any[""Trial-502_PCM-1"", ""Trial-502_PCM-2"", ""Trial-502_PCM-3""]",Error,Error,Error,FALSE,,
"Any[""Trial-503_PCM-1"", ""Trial-503_PCM-2"", ""Trial-503_PCM-3""]",Error,Error,Error,FALSE,,
"Any[""Trial-504_PCM-1"", ""Trial-504_PCM-2"", ""Trial-504_PCM-3""]",Error,Error,Error,FALSE,,
"Any[""Trial-505_PCM-1"", ""Trial-505_PCM-2"", ""Trial-505_PCM-3""]",Error,Error,Error,FALSE,,
"Any[""Trial-506_PCM-1"", ""Trial-506_PCM-2"", ""Trial-506_PCM-3""]",Error,Error,Error,FALSE,,
"Any[""Trial-507_PCM-1"", ""Trial-507_PCM-2"", ""Trial-507_PCM-3""]",Error,Error,Error,FALSE,,
"Any[""Trial-508_PCM-1"", ""Trial-508_PCM-2"", ""Trial-508_PCM-3""]",Error,Error,Error,FALSE,,
"Any[""Trial-509_PCM-1"", ""Trial-509_PCM-2"", ""Trial-509_PCM-3""]",4.394449302,2.938588985,2.938588985,FALSE,,
"Any[""Trial-510_PCM-1"", ""Trial-510_PCM-2"", ""Trial-510_PCM-3""]",Error,Error,Error,FALSE,,
"Any[""Trial-511_PCM-1"", ""Trial-511_PCM-2"", ""Trial-511_PCM-3""]",Error,Error,Error,FALSE,,
"Any[""Trial-512_PCM-1"", ""Trial-512_PCM-2"", ""Trial-512_PCM-3""]",Error,Error,Error,FALSE,,
"Any[""Trial-513_PCM-1"", ""Trial-513_PCM-2"", ""Trial-513_PCM-3""]",Error,Error,Error,FALSE,,
"Any[""Trial-514_PCM-1"", ""Trial-514_PCM-2"", ""Trial-514_PCM-3""]",Error,Error,Error,FALSE,,
"Any[""Trial-515_PCM-1"", ""Trial-515_PCM-2"", ""Trial-515_PCM-3""]",Error,Error,Error,FALSE,,
"Any[""Trial-516_PCM-1"", ""Trial-516_PCM-2"", ""Trial-516_PCM-3""]",Error,Error,Error,FALSE,,
"Any[""Trial-517_PCM-1"", ""Trial-517_PCM-2"", ""Trial-517_PCM-3""]",Error,Error,Error,FALSE,,
"Any[""Trial-518_PCM-1"", ""Trial-518_PCM-2"", ""Trial-518_PCM-3""]",Error,Error,Error,FALSE,,
"Any[""Trial-519_PCM-1"", ""Trial-519_PCM-2"", ""Trial-519_PCM-3""]",Error,Error,Error,FALSE,,
"Any[""Trial-520_PCM-1"", ""Trial-520_PCM-2"", ""Trial-520_PCM-3""]",Error,Error,Error,FALSE,,
"Any[""Trial-521_PCM-1"", ""Trial-521_PCM-2"", ""Trial-521_PCM-3""]",Error,Error,Error,FALSE,,
"Any[""Trial-522_PCM-1"", ""Trial-522_PCM-2"", ""Trial-522_PCM-3""]",Error,Error,Error,FALSE,,
"Any[""Trial-523_PCM-1"", ""Trial-523_PCM-2"", ""Trial-523_PCM-3""]",Error,Error,Error,FALSE,,
"Any[""Trial-524_PCM-1"", ""Trial-524_PCM-2"", ""Trial-524_PCM-3""]",Error,Error,Error,FALSE,,
"Any[""Trial-525_PCM-1"", ""Trial-525_PCM-2"", ""Trial-525_PCM-3""]",Error,Error,Error,FALSE,,
"Any[""Trial-526_PCM-1"", ""Trial-526_PCM-2"", ""Trial-526_PCM-3""]",Error,Error,Error,FALSE,,
"Any[""Trial-527_PCM-1"", ""Trial-527_PCM-2"", ""Trial-527_PCM-3""]",Error,Error,Error,FALSE,,
"Any[""Trial-528_PCM-1"", ""Trial-528_PCM-2"", ""Trial-528_PCM-3""]",Error,Error,Error,FALSE,,
"Any[""Trial-529_PCM-1"", ""Trial-529_PCM-2"", ""Trial-529_PCM-3""]",Error,Error,Error,FALSE,,
"Any[""Trial-530_PCM-1"", ""Trial-530_PCM-2"", ""Trial-530_PCM-3""]",Error,Error,Error,FALSE,,
"Any[""Trial-531_PCM-1"", ""Trial-531_PCM-2"", ""Trial-531_PCM-3""]",Error,Error,Error,FALSE,,
"Any[""Trial-532_PCM-1"", ""Trial-532_PCM-2"", ""Trial-532_PCM-3""]",Error,Error,Error,FALSE,,
"Any[""Trial-533_PCM-1"", ""Trial-533_PCM-2"", ""Trial-533_PCM-3""]",Error,Error,Error,FALSE,,
"Any[""Trial-534_PCM-1"", ""Trial-534_PCM-2"", ""Trial-534_PCM-3""]",Error,Error,Error,FALSE,,
"Any[""Trial-535_PCM-1"", ""Trial-535_PCM-2"", ""Trial-535_PCM-3""]",Error,Error,Error,FALSE,,
"Any[""Trial-536_PCM-1"", ""Trial-536_PCM-2"", ""Trial-536_PCM-3""]",Error,Error,Error,FALSE,,
"Any[""Trial-537_PCM-1"", ""Trial-537_PCM-2"", ""Trial-537_PCM-3""]",Error,Error,Error,FALSE,,
"Any[""Trial-538_PCM-1"", ""Trial-538_PCM-2"", ""Trial-538_PCM-3""]",Error,Error,Error,FALSE,,
"Any[""Trial-539_PCM-1"", ""Trial-539_PCM-2"", ""Trial-539_PCM-3""]",Error,Error,Error,FALSE,,
"Any[""Trial-540_PCM-1"", ""Trial-540_PCM-2"", ""Trial-540_PCM-3""]",Error,Error,Error,FALSE,,
"Any[""Trial-541_PCM-1"", ""Trial-541_PCM-2"", ""Trial-541_PCM-3""]",Error,Error,Error,FALSE,,
"Any[""Trial-542_PCM-1"", ""Trial-542_PCM-2"", ""Trial-542_PCM-3""]",3.64E-06,1.662062637,Error,1.662062637,,
"Any[""Trial-543_PCM-1"", ""Trial-543_PCM-2"", ""Trial-543_PCM-3""]",Error,Error,Error,FALSE,,
"Any[""Trial-544_PCM-1"", ""Trial-544_PCM-2"", ""Trial-544_PCM-3""]",Error,Error,Error,FALSE,,
"Any[""Trial-545_PCM-1"", ""Trial-545_PCM-2"", ""Trial-545_PCM-3""]",Error,Error,Error,FALSE,,
"Any[""Trial-546_PCM-1"", ""Trial-546_PCM-2"", ""Trial-546_PCM-3""]",Error,Error,Error,FALSE,,
"Any[""Trial-547_PCM-1"", ""Trial-547_PCM-2"", ""Trial-547_PCM-3""]",Error,Error,Error,FALSE,,
"Any[""Trial-548_PCM-1"", ""Trial-548_PCM-2"", ""Trial-548_PCM-3""]",Error,Error,Error,FALSE,,
"Any[""Trial-549_PCM-1"", ""Trial-549_PCM-2"", ""Trial-549_PCM-3""]",Error,Error,Error,FALSE,,
"Any[""Trial-550_PCM-1"", ""Trial-550_PCM-2"", ""Trial-550_PCM-3""]",Error,Error,Error,FALSE,,
"Any[""Trial-551_PCM-1"", ""Trial-551_PCM-2"", ""Trial-551_PCM-3""]",Error,Error,Error,FALSE,,
"Any[""Trial-552_PCM-1"", ""Trial-552_PCM-2"", ""Trial-552_PCM-3""]",Error,Error,Error,FALSE,,
"Any[""Trial-553_PCM-1"", ""Trial-553_PCM-2"", ""Trial-553_PCM-3""]",Error,Error,Error,FALSE,,
"Any[""Trial-554_PCM-1"", ""Trial-554_PCM-2"", ""Trial-554_PCM-3""]",Error,Error,Error,FALSE,,
"Any[""Trial-555_PCM-1"", ""Trial-555_PCM-2"", ""Trial-555_PCM-3""]",Error,Error,Error,FALSE,,
"Any[""Trial-556_PCM-1"", ""Trial-556_PCM-2"", ""Trial-556_PCM-3""]",Error,Error,Error,FALSE,,
"Any[""Trial-557_PCM-1"", ""Trial-557_PCM-2"", ""Trial-557_PCM-3""]",Error,Error,Error,FALSE,,
"Any[""Trial-558_PCM-1"", ""Trial-558_PCM-2"", ""Trial-558_PCM-3""]",Error,Error,Error,FALSE,,
"Any[""Trial-559_PCM-1"", ""Trial-559_PCM-2"", ""Trial-559_PCM-3""]",Error,Error,Error,FALSE,,
"Any[""Trial-560_PCM-1"", ""Trial-560_PCM-2"", ""Trial-560_PCM-3""]",Error,Error,Error,FALSE,,
"Any[""Trial-561_PCM-1"", ""Trial-561_PCM-2"", ""Trial-561_PCM-3""]",Error,Error,Error,FALSE,,
"Any[""Trial-562_PCM-1"", ""Trial-562_PCM-2"", ""Trial-562_PCM-3""]",Error,Error,Error,FALSE,,
"Any[""Trial-563_PCM-1"", ""Trial-563_PCM-2"", ""Trial-563_PCM-3""]",Error,2.77259006,2.77259006,FALSE,,
"Any[""Trial-564_PCM-1"", ""Trial-564_PCM-2"", ""Trial-564_PCM-3""]",Error,Error,Error,FALSE,,
"Any[""Trial-565_PCM-1"", ""Trial-565_PCM-2"", ""Trial-565_PCM-3""]",Error,Error,Error,FALSE,,
"Any[""Trial-566_PCM-1"", ""Trial-566_PCM-2"", ""Trial-566_PCM-3""]",Error,Error,Error,FALSE,,
"Any[""Trial-567_PCM-1"", ""Trial-567_PCM-2"", ""Trial-567_PCM-3""]",Error,Error,Error,FALSE,,
"Any[""Trial-568_PCM-1"", ""Trial-568_PCM-2"", ""Trial-568_PCM-3""]",Error,Error,Error,FALSE,,
"Any[""Trial-569_PCM-1"", ""Trial-569_PCM-2"", ""Trial-569_PCM-3""]",Error,Error,Error,FALSE,,
"Any[""Trial-570_PCM-1"", ""Trial-570_PCM-2"", ""Trial-570_PCM-3""]",Error,Error,Error,FALSE,,
"Any[""Trial-571_PCM-1"", ""Trial-571_PCM-2"", ""Trial-571_PCM-3""]",Error,Error,Error,FALSE,,
"Any[""Trial-572_PCM-1"", ""Trial-572_PCM-2"", ""Trial-572_PCM-3""]",Error,Error,Error,FALSE,,
"Any[""Trial-573_PCM-1"", ""Trial-573_PCM-2"", ""Trial-573_PCM-3""]",5.545178164,4.394449982,4.394449982,FALSE,,
"Any[""Trial-574_PCM-1"", ""Trial-574_PCM-2"", ""Trial-574_PCM-3""]",1.880015055,1.953411983,1.953411983,FALSE,,
"Any[""Trial-575_PCM-1"", ""Trial-575_PCM-2"", ""Trial-575_PCM-3""]",Error,Error,Error,FALSE,,
"Any[""Trial-576_PCM-1"", ""Trial-576_PCM-2"", ""Trial-576_PCM-3""]",Error,Error,Error,FALSE,,
"Any[""Trial-577_PCM-1"", ""Trial-577_PCM-2"", ""Trial-577_PCM-3""]",Error,Error,Error,FALSE,,
"Any[""Trial-578_PCM-1"", ""Trial-578_PCM-2"", ""Trial-578_PCM-3""]",Error,Error,Error,FALSE,,
"Any[""Trial-579_PCM-1"", ""Trial-579_PCM-2"", ""Trial-579_PCM-3""]",Error,2.772590434,2.772590434,FALSE,,
"Any[""Trial-580_PCM-1"", ""Trial-580_PCM-2"", ""Trial-580_PCM-3""]",Error,Error,Error,FALSE,,
"Any[""Trial-581_PCM-1"", ""Trial-581_PCM-2"", ""Trial-581_PCM-3""]",Error,Error,Error,FALSE,,
"Any[""Trial-582_PCM-1"", ""Trial-582_PCM-2"", ""Trial-582_PCM-3""]",Error,2.77259083,2.77259083,FALSE,,
"Any[""Trial-583_PCM-1"", ""Trial-583_PCM-2"", ""Trial-583_PCM-3""]",Error,Error,Error,FALSE,,
"Any[""Trial-584_PCM-1"", ""Trial-584_PCM-2"", ""Trial-584_PCM-3""]",Error,Error,Error,FALSE,,
"Any[""Trial-585_PCM-1"", ""Trial-585_PCM-2"", ""Trial-585_PCM-3""]",Error,Error,Error,FALSE,,
"Any[""Trial-586_PCM-1"", ""Trial-586_PCM-2"", ""Trial-586_PCM-3""]",1.27381596,1.54579E-06,1.55E-06,FALSE,,
"Any[""Trial-587_PCM-1"", ""Trial-587_PCM-2"", ""Trial-587_PCM-3""]",Error,Error,Error,FALSE,,
"Any[""Trial-588_PCM-1"", ""Trial-588_PCM-2"", ""Trial-588_PCM-3""]",Error,Error,Error,FALSE,,
"Any[""Trial-589_PCM-1"", ""Trial-589_PCM-2"", ""Trial-589_PCM-3""]",0.971787133,1.621862528,1.621862528,FALSE,,
"Any[""Trial-590_PCM-1"", ""Trial-590_PCM-2"", ""Trial-590_PCM-3""]",Error,Error,Error,FALSE,,
"Any[""Trial-591_PCM-1"", ""Trial-591_PCM-2"", ""Trial-591_PCM-3""]",Error,Error,Error,FALSE,,
"Any[""Trial-592_PCM-1"", ""Trial-592_PCM-2"", ""Trial-592_PCM-3""]",Error,Error,Error,FALSE,,
"Any[""Trial-593_PCM-1"", ""Trial-593_PCM-2"", ""Trial-593_PCM-3""]",Error,Error,Error,FALSE,,
"Any[""Trial-594_PCM-1"", ""Trial-594_PCM-2"", ""Trial-594_PCM-3""]",5.35E-06,1.603831983,Error,1.603831983,,
"Any[""Trial-595_PCM-1"", ""Trial-595_PCM-2"", ""Trial-595_PCM-3""]",Error,2.772589914,2.772589914,FALSE,,
"Any[""Trial-596_PCM-1"", ""Trial-596_PCM-2"", ""Trial-596_PCM-3""]",Error,Error,Error,FALSE,,
"Any[""Trial-597_PCM-1"", ""Trial-597_PCM-2"", ""Trial-597_PCM-3""]",Error,Error,Error,FALSE,,
"Any[""Trial-598_PCM-1"", ""Trial-598_PCM-2"", ""Trial-598_PCM-3""]",6.43775249,5.545178593,5.545178593,FALSE,,
"Any[""Trial-599_PCM-1"", ""Trial-599_PCM-2"", ""Trial-599_PCM-3""]",Error,Error,Error,FALSE,,
"Any[""Trial-600_PCM-1"", ""Trial-600_PCM-2"", ""Trial-600_PCM-3""]",Error,Error,Error,FALSE,,
"Any[""Trial-601_PCM-1"", ""Trial-601_PCM-2"", ""Trial-601_PCM-3""]",Error,Error,Error,FALSE,,
"Any[""Trial-602_PCM-1"", ""Trial-602_PCM-2"", ""Trial-602_PCM-3""]",Error,Error,Error,FALSE,,
"Any[""Trial-603_PCM-1"", ""Trial-603_PCM-2"", ""Trial-603_PCM-3""]",1.61E-06,1.102684649,Error,1.102684649,,
"Any[""Trial-604_PCM-1"", ""Trial-604_PCM-2"", ""Trial-604_PCM-3""]",Error,Error,Error,FALSE,,
"Any[""Trial-605_PCM-1"", ""Trial-605_PCM-2"", ""Trial-605_PCM-3""]",Error,Error,Error,FALSE,,
"Any[""Trial-606_PCM-1"", ""Trial-606_PCM-2"", ""Trial-606_PCM-3""]",Error,Error,Error,FALSE,,
"Any[""Trial-607_PCM-1"", ""Trial-607_PCM-2"", ""Trial-607_PCM-3""]",Error,Error,Error,FALSE,,
"Any[""Trial-608_PCM-1"", ""Trial-608_PCM-2"", ""Trial-608_PCM-3""]",Error,Error,Error,FALSE,,
"Any[""Trial-609_PCM-1"", ""Trial-609_PCM-2"", ""Trial-609_PCM-3""]",Error,Error,Error,FALSE,,
"Any[""Trial-610_PCM-1"", ""Trial-610_PCM-2"", ""Trial-610_PCM-3""]",Error,Error,Error,FALSE,,
"Any[""Trial-611_PCM-1"", ""Trial-611_PCM-2"", ""Trial-611_PCM-3""]",Error,Error,Error,FALSE,,
"Any[""Trial-612_PCM-1"", ""Trial-612_PCM-2"", ""Trial-612_PCM-3""]",Error,Error,Error,FALSE,,
"Any[""Trial-613_PCM-1"", ""Trial-613_PCM-2"", ""Trial-613_PCM-3""]",4.394449543,2.772590053,2.772590053,FALSE,,
"Any[""Trial-614_PCM-1"", ""Trial-614_PCM-2"", ""Trial-614_PCM-3""]",Error,Error,Error,FALSE,,
"Any[""Trial-615_PCM-1"", ""Trial-615_PCM-2"", ""Trial-615_PCM-3""]",Error,Error,Error,FALSE,,
"Any[""Trial-616_PCM-1"", ""Trial-616_PCM-2"", ""Trial-616_PCM-3""]",Error,Error,Error,FALSE,,
"Any[""Trial-617_PCM-1"", ""Trial-617_PCM-2"", ""Trial-617_PCM-3""]",Error,Error,Error,FALSE,,
"Any[""Trial-618_PCM-1"", ""Trial-618_PCM-2"", ""Trial-618_PCM-3""]",Error,Error,Error,FALSE,,
"Any[""Trial-619_PCM-1"", ""Trial-619_PCM-2"", ""Trial-619_PCM-3""]",Error,Error,Error,FALSE,,
"Any[""Trial-620_PCM-1"", ""Trial-620_PCM-2"", ""Trial-620_PCM-3""]",1.767346651,2.772590114,2.772590114,FALSE,,
"Any[""Trial-621_PCM-1"", ""Trial-621_PCM-2"", ""Trial-621_PCM-3""]",Error,Error,Error,FALSE,,
"Any[""Trial-622_PCM-1"", ""Trial-622_PCM-2"", ""Trial-622_PCM-3""]",Error,Error,Error,FALSE,,
"Any[""Trial-623_PCM-1"", ""Trial-623_PCM-2"", ""Trial-623_PCM-3""]",Error,Error,Error,FALSE,,
"Any[""Trial-624_PCM-1"", ""Trial-624_PCM-2"", ""Trial-624_PCM-3""]",Error,Error,Error,FALSE,,
"Any[""Trial-625_PCM-1"", ""Trial-625_PCM-2"", ""Trial-625_PCM-3""]",Error,Error,Error,FALSE,,
"Any[""Trial-626_PCM-1"", ""Trial-626_PCM-2"", ""Trial-626_PCM-3""]",Error,Error,Error,FALSE,,
"Any[""Trial-627_PCM-1"", ""Trial-627_PCM-2"", ""Trial-627_PCM-3""]",Error,Error,Error,FALSE,,
"Any[""Trial-628_PCM-1"", ""Trial-628_PCM-2"", ""Trial-628_PCM-3""]",Error,Error,Error,FALSE,,
"Any[""Trial-629_PCM-1"", ""Trial-629_PCM-2"", ""Trial-629_PCM-3""]",Error,Error,Error,FALSE,,
"Any[""Trial-630_PCM-1"", ""Trial-630_PCM-2"", ""Trial-630_PCM-3""]",Error,Error,Error,FALSE,,
"Any[""Trial-631_PCM-1"", ""Trial-631_PCM-2"", ""Trial-631_PCM-3""]",Error,Error,Error,FALSE,,
"Any[""Trial-632_PCM-1"", ""Trial-632_PCM-2"", ""Trial-632_PCM-3""]",Error,Error,Error,FALSE,,
"Any[""Trial-633_PCM-1"", ""Trial-633_PCM-2"", ""Trial-633_PCM-3""]",Error,Error,Error,FALSE,,
"Any[""Trial-634_PCM-1"", ""Trial-634_PCM-2"", ""Trial-634_PCM-3""]",Error,Error,Error,FALSE,,
"Any[""Trial-635_PCM-1"", ""Trial-635_PCM-2"", ""Trial-635_PCM-3""]",Error,Error,Error,FALSE,,
"Any[""Trial-636_PCM-1"", ""Trial-636_PCM-2"", ""Trial-636_PCM-3""]",Error,Error,Error,FALSE,,
"Any[""Trial-637_PCM-1"", ""Trial-637_PCM-2"", ""Trial-637_PCM-3""]",Error,Error,Error,FALSE,,
"Any[""Trial-638_PCM-1"", ""Trial-638_PCM-2"", ""Trial-638_PCM-3""]",Error,Error,Error,FALSE,,
"Any[""Trial-639_PCM-1"", ""Trial-639_PCM-2"", ""Trial-639_PCM-3""]",Error,Error,Error,FALSE,,
"Any[""Trial-640_PCM-1"", ""Trial-640_PCM-2"", ""Trial-640_PCM-3""]",Error,Error,Error,FALSE,,
"Any[""Trial-641_PCM-1"", ""Trial-641_PCM-2"", ""Trial-641_PCM-3""]",Error,Error,Error,FALSE,,
"Any[""Trial-642_PCM-1"", ""Trial-642_PCM-2"", ""Trial-642_PCM-3""]",Error,Error,Error,FALSE,,
"Any[""Trial-643_PCM-1"", ""Trial-643_PCM-2"", ""Trial-643_PCM-3""]",2.36E-06,9.49756E-07,9.5E-07,FALSE,,
"Any[""Trial-644_PCM-1"", ""Trial-644_PCM-2"", ""Trial-644_PCM-3""]",Error,Error,Error,FALSE,,
"Any[""Trial-645_PCM-1"", ""Trial-645_PCM-2"", ""Trial-645_PCM-3""]",Error,Error,Error,FALSE,,
"Any[""Trial-646_PCM-1"", ""Trial-646_PCM-2"", ""Trial-646_PCM-3""]",Error,Error,Error,FALSE,,
"Any[""Trial-647_PCM-1"", ""Trial-647_PCM-2"", ""Trial-647_PCM-3""]",Error,Error,Error,FALSE,,
"Any[""Trial-648_PCM-1"", ""Trial-648_PCM-2"", ""Trial-648_PCM-3""]",Error,Error,Error,FALSE,,
"Any[""Trial-649_PCM-1"", ""Trial-649_PCM-2"", ""Trial-649_PCM-3""]",Error,Error,Error,FALSE,,
"Any[""Trial-650_PCM-1"", ""Trial-650_PCM-2"", ""Trial-650_PCM-3""]",Error,Error,Error,FALSE,,
"Any[""Trial-651_PCM-1"", ""Trial-651_PCM-2"", ""Trial-651_PCM-3""]",Error,Error,Error,FALSE,,
"Any[""Trial-652_PCM-1"", ""Trial-652_PCM-2"", ""Trial-652_PCM-3""]",Error,Error,Error,FALSE,,
"Any[""Trial-653_PCM-1"", ""Trial-653_PCM-2"", ""Trial-653_PCM-3""]",Error,Error,Error,FALSE,,
"Any[""Trial-654_PCM-1"", ""Trial-654_PCM-2"", ""Trial-654_PCM-3""]",Error,Error,Error,FALSE,,
"Any[""Trial-655_PCM-1"", ""Trial-655_PCM-2"", ""Trial-655_PCM-3""]",Error,Error,Error,FALSE,,
"Any[""Trial-656_PCM-1"", ""Trial-656_PCM-2"", ""Trial-656_PCM-3""]",Error,Error,Error,FALSE,,
"Any[""Trial-657_PCM-1"", ""Trial-657_PCM-2"", ""Trial-657_PCM-3""]",Error,Error,Error,FALSE,,
"Any[""Trial-658_PCM-1"", ""Trial-658_PCM-2"", ""Trial-658_PCM-3""]",Error,Error,Error,FALSE,,
"Any[""Trial-659_PCM-1"", ""Trial-659_PCM-2"", ""Trial-659_PCM-3""]",Error,Error,Error,FALSE,,
"Any[""Trial-660_PCM-1"", ""Trial-660_PCM-2"", ""Trial-660_PCM-3""]",Error,Error,Error,FALSE,,
"Any[""Trial-661_PCM-1"", ""Trial-661_PCM-2"", ""Trial-661_PCM-3""]",Error,Error,Error,FALSE,,
"Any[""Trial-662_PCM-1"", ""Trial-662_PCM-2"", ""Trial-662_PCM-3""]",Error,Error,Error,FALSE,,
"Any[""Trial-663_PCM-1"", ""Trial-663_PCM-2"", ""Trial-663_PCM-3""]",Error,Error,Error,FALSE,,
"Any[""Trial-664_PCM-1"", ""Trial-664_PCM-2"", ""Trial-664_PCM-3""]",Error,Error,Error,FALSE,,
"Any[""Trial-665_PCM-1"", ""Trial-665_PCM-2"", ""Trial-665_PCM-3""]",Error,Error,Error,FALSE,,
"Any[""Trial-666_PCM-1"", ""Trial-666_PCM-2"", ""Trial-666_PCM-3""]",Error,Error,Error,FALSE,,
"Any[""Trial-667_PCM-1"", ""Trial-667_PCM-2"", ""Trial-667_PCM-3""]",2.772589216,0.490411602,0.490411602,FALSE,,
"Any[""Trial-668_PCM-1"", ""Trial-668_PCM-2"", ""Trial-668_PCM-3""]",Error,Error,Error,FALSE,,
"Any[""Trial-669_PCM-1"", ""Trial-669_PCM-2"", ""Trial-669_PCM-3""]",Error,Error,Error,FALSE,,
"Any[""Trial-670_PCM-1"", ""Trial-670_PCM-2"", ""Trial-670_PCM-3""]",Error,Error,Error,FALSE,,
"Any[""Trial-671_PCM-1"", ""Trial-671_PCM-2"", ""Trial-671_PCM-3""]",Error,Error,Error,FALSE,,
"Any[""Trial-672_PCM-1"", ""Trial-672_PCM-2"", ""Trial-672_PCM-3""]",Error,Error,Error,FALSE,,
"Any[""Trial-673_PCM-1"", ""Trial-673_PCM-2"", ""Trial-673_PCM-3""]",Error,Error,Error,FALSE,,
"Any[""Trial-674_PCM-1"", ""Trial-674_PCM-2"", ""Trial-674_PCM-3""]",Error,Error,Error,FALSE,,
"Any[""Trial-675_PCM-1"", ""Trial-675_PCM-2"", ""Trial-675_PCM-3""]",Error,Error,Error,FALSE,,
"Any[""Trial-676_PCM-1"", ""Trial-676_PCM-2"", ""Trial-676_PCM-3""]",Error,Error,Error,FALSE,,
"Any[""Trial-677_PCM-1"", ""Trial-677_PCM-2"", ""Trial-677_PCM-3""]",Error,Error,Error,FALSE,,
"Any[""Trial-678_PCM-1"", ""Trial-678_PCM-2"", ""Trial-678_PCM-3""]",Error,Error,Error,FALSE,,
"Any[""Trial-679_PCM-1"", ""Trial-679_PCM-2"", ""Trial-679_PCM-3""]",Error,Error,Error,FALSE,,
"Any[""Trial-680_PCM-1"", ""Trial-680_PCM-2"", ""Trial-680_PCM-3""]",Error,Error,Error,FALSE,,
"Any[""Trial-681_PCM-1"", ""Trial-681_PCM-2"", ""Trial-681_PCM-3""]",Error,Error,Error,FALSE,,
"Any[""Trial-682_PCM-1"", ""Trial-682_PCM-2"", ""Trial-682_PCM-3""]",2.473208792,6.051123776,Error,6.051123776,,
"Any[""Trial-683_PCM-1"", ""Trial-683_PCM-2"", ""Trial-683_PCM-3""]",Error,Error,Error,FALSE,,
"Any[""Trial-684_PCM-1"", ""Trial-684_PCM-2"", ""Trial-684_PCM-3""]",3.44081287,4.394450442,4.394450442,FALSE,,
"Any[""Trial-685_PCM-1"", ""Trial-685_PCM-2"", ""Trial-685_PCM-3""]",Error,Error,Error,FALSE,,
"Any[""Trial-686_PCM-1"", ""Trial-686_PCM-2"", ""Trial-686_PCM-3""]",Error,Error,Error,FALSE,,
"Any[""Trial-687_PCM-1"", ""Trial-687_PCM-2"", ""Trial-687_PCM-3""]",Error,1.337479659,1.337479659,FALSE,,
"Any[""Trial-688_PCM-1"", ""Trial-688_PCM-2"", ""Trial-688_PCM-3""]",Error,Error,Error,FALSE,,
"Any[""Trial-689_PCM-1"", ""Trial-689_PCM-2"", ""Trial-689_PCM-3""]",2.772589154,1.176E-06,1.18E-06,FALSE,,
"Any[""Trial-690_PCM-1"", ""Trial-690_PCM-2"", ""Trial-690_PCM-3""]",Error,Error,Error,FALSE,,
"Any[""Trial-691_PCM-1"", ""Trial-691_PCM-2"", ""Trial-691_PCM-3""]",Error,Error,Error,FALSE,,
"Any[""Trial-692_PCM-1"", ""Trial-692_PCM-2"", ""Trial-692_PCM-3""]",Error,Error,Error,FALSE,,
"Any[""Trial-693_PCM-1"", ""Trial-693_PCM-2"", ""Trial-693_PCM-3""]",Error,Error,Error,FALSE,,
"Any[""Trial-694_PCM-1"", ""Trial-694_PCM-2"", ""Trial-694_PCM-3""]",Error,Error,Error,FALSE,,
"Any[""Trial-695_PCM-1"", ""Trial-695_PCM-2"", ""Trial-695_PCM-3""]",Error,Error,Error,FALSE,,
"Any[""Trial-696_PCM-1"", ""Trial-696_PCM-2"", ""Trial-696_PCM-3""]",Error,Error,Error,FALSE,,
"Any[""Trial-697_PCM-1"", ""Trial-697_PCM-2"", ""Trial-697_PCM-3""]",4.545415533,5.54517858,5.54517858,FALSE,,
"Any[""Trial-698_PCM-1"", ""Trial-698_PCM-2"", ""Trial-698_PCM-3""]",Error,Error,Error,FALSE,,
"Any[""Trial-699_PCM-1"", ""Trial-699_PCM-2"", ""Trial-699_PCM-3""]",Error,Error,Error,FALSE,,
"Any[""Trial-700_PCM-1"", ""Trial-700_PCM-2"", ""Trial-700_PCM-3""]",Error,Error,Error,FALSE,,
"Any[""Trial-701_PCM-1"", ""Trial-701_PCM-2"", ""Trial-701_PCM-3""]",Error,Error,Error,FALSE,,
"Any[""Trial-702_PCM-1"", ""Trial-702_PCM-2"", ""Trial-702_PCM-3""]",Error,Error,Error,FALSE,,
"Any[""Trial-703_PCM-1"", ""Trial-703_PCM-2"", ""Trial-703_PCM-3""]",Error,Error,Error,FALSE,,
"Any[""Trial-704_PCM-1"", ""Trial-704_PCM-2"", ""Trial-704_PCM-3""]",Error,Error,Error,FALSE,,
"Any[""Trial-705_PCM-1"", ""Trial-705_PCM-2"", ""Trial-705_PCM-3""]",Error,Error,Error,FALSE,,
"Any[""Trial-706_PCM-1"", ""Trial-706_PCM-2"", ""Trial-706_PCM-3""]",Error,Error,Error,FALSE,,
"Any[""Trial-707_PCM-1"", ""Trial-707_PCM-2"", ""Trial-707_PCM-3""]",Error,Error,Error,FALSE,,
"Any[""Trial-708_PCM-1"", ""Trial-708_PCM-2"", ""Trial-708_PCM-3""]",Error,Error,Error,FALSE,,
"Any[""Trial-709_PCM-1"", ""Trial-709_PCM-2"", ""Trial-709_PCM-3""]",Error,Error,Error,FALSE,,
"Any[""Trial-710_PCM-1"", ""Trial-710_PCM-2"", ""Trial-710_PCM-3""]",Error,Error,Error,FALSE,,
"Any[""Trial-711_PCM-1"", ""Trial-711_PCM-2"", ""Trial-711_PCM-3""]",Error,Error,Error,FALSE,,
"Any[""Trial-712_PCM-1"", ""Trial-712_PCM-2"", ""Trial-712_PCM-3""]",Error,Error,Error,FALSE,,
"Any[""Trial-713_PCM-1"", ""Trial-713_PCM-2"", ""Trial-713_PCM-3""]",Error,Error,Error,FALSE,,
"Any[""Trial-714_PCM-1"", ""Trial-714_PCM-2"", ""Trial-714_PCM-3""]",Error,Error,Error,FALSE,,
"Any[""Trial-715_PCM-1"", ""Trial-715_PCM-2"", ""Trial-715_PCM-3""]",4.394449275,3.185327333,3.185327333,FALSE,,
"Any[""Trial-716_PCM-1"", ""Trial-716_PCM-2"", ""Trial-716_PCM-3""]",7.67E-06,1.808942375,Error,1.808942375,,
"Any[""Trial-717_PCM-1"", ""Trial-717_PCM-2"", ""Trial-717_PCM-3""]",Error,Error,Error,FALSE,,
"Any[""Trial-718_PCM-1"", ""Trial-718_PCM-2"", ""Trial-718_PCM-3""]",Error,Error,Error,FALSE,,
"Any[""Trial-719_PCM-1"", ""Trial-719_PCM-2"", ""Trial-719_PCM-3""]",Error,Error,Error,FALSE,,
"Any[""Trial-720_PCM-1"", ""Trial-720_PCM-2"", ""Trial-720_PCM-3""]",4.394450003,3.185326835,3.185326835,FALSE,,
"Any[""Trial-721_PCM-1"", ""Trial-721_PCM-2"", ""Trial-721_PCM-3""]",Error,Error,Error,FALSE,,
"Any[""Trial-722_PCM-1"", ""Trial-722_PCM-2"", ""Trial-722_PCM-3""]",Error,Error,Error,FALSE,,
"Any[""Trial-723_PCM-1"", ""Trial-723_PCM-2"", ""Trial-723_PCM-3""]",Error,Error,Error,FALSE,,
"Any[""Trial-724_PCM-1"", ""Trial-724_PCM-2"", ""Trial-724_PCM-3""]",Error,Error,Error,FALSE,,
"Any[""Trial-725_PCM-1"", ""Trial-725_PCM-2"", ""Trial-725_PCM-3""]",Error,Error,Error,FALSE,,
"Any[""Trial-726_PCM-1"", ""Trial-726_PCM-2"", ""Trial-726_PCM-3""]",Error,Error,Error,FALSE,,
"Any[""Trial-727_PCM-1"", ""Trial-727_PCM-2"", ""Trial-727_PCM-3""]",Error,Error,Error,FALSE,,
"Any[""Trial-728_PCM-1"", ""Trial-728_PCM-2"", ""Trial-728_PCM-3""]",Error,Error,Error,FALSE,,
"Any[""Trial-729_PCM-1"", ""Trial-729_PCM-2"", ""Trial-729_PCM-3""]",Error,Error,Error,FALSE,,
"Any[""Trial-730_PCM-1"", ""Trial-730_PCM-2"", ""Trial-730_PCM-3""]",0.997862257,2.690824831,Error,2.690824831,,
"Any[""Trial-731_PCM-1"", ""Trial-731_PCM-2"", ""Trial-731_PCM-3""]",Error,Error,Error,FALSE,,
"Any[""Trial-732_PCM-1"", ""Trial-732_PCM-2"", ""Trial-732_PCM-3""]",Error,Error,Error,FALSE,,
"Any[""Trial-733_PCM-1"", ""Trial-733_PCM-2"", ""Trial-733_PCM-3""]",Error,Error,Error,FALSE,,
"Any[""Trial-734_PCM-1"", ""Trial-734_PCM-2"", ""Trial-734_PCM-3""]",5.23E-06,2.542488912,Error,2.542488912,,
"Any[""Trial-735_PCM-1"", ""Trial-735_PCM-2"", ""Trial-735_PCM-3""]",Error,Error,Error,FALSE,,
"Any[""Trial-736_PCM-1"", ""Trial-736_PCM-2"", ""Trial-736_PCM-3""]",Error,Error,Error,FALSE,,
"Any[""Trial-737_PCM-1"", ""Trial-737_PCM-2"", ""Trial-737_PCM-3""]",Error,Error,Error,FALSE,,
"Any[""Trial-738_PCM-1"", ""Trial-738_PCM-2"", ""Trial-738_PCM-3""]",Error,Error,Error,FALSE,,
"Any[""Trial-739_PCM-1"", ""Trial-739_PCM-2"", ""Trial-739_PCM-3""]",Error,Error,Error,FALSE,,
"Any[""Trial-740_PCM-1"", ""Trial-740_PCM-2"", ""Trial-740_PCM-3""]",1.880015786,1.176E-06,1.18E-06,FALSE,,
"Any[""Trial-741_PCM-1"", ""Trial-741_PCM-2"", ""Trial-741_PCM-3""]",Error,Error,Error,FALSE,,
"Any[""Trial-742_PCM-1"", ""Trial-742_PCM-2"", ""Trial-742_PCM-3""]",Error,Error,Error,FALSE,,
"Any[""Trial-743_PCM-1"", ""Trial-743_PCM-2"", ""Trial-743_PCM-3""]",Error,Error,Error,FALSE,,
"Any[""Trial-744_PCM-1"", ""Trial-744_PCM-2"", ""Trial-744_PCM-3""]",Error,Error,Error,FALSE,,
"Any[""Trial-745_PCM-1"", ""Trial-745_PCM-2"", ""Trial-745_PCM-3""]",Error,Error,Error,FALSE,,
"Any[""Trial-746_PCM-1"", ""Trial-746_PCM-2"", ""Trial-746_PCM-3""]",Error,Error,Error,FALSE,,
"Any[""Trial-747_PCM-1"", ""Trial-747_PCM-2"", ""Trial-747_PCM-3""]",Error,Error,Error,FALSE,,
"Any[""Trial-748_PCM-1"", ""Trial-748_PCM-2"", ""Trial-748_PCM-3""]",Error,Error,Error,FALSE,,
"Any[""Trial-749_PCM-1"", ""Trial-749_PCM-2"", ""Trial-749_PCM-3""]",Error,Error,Error,FALSE,,
"Any[""Trial-750_PCM-1"", ""Trial-750_PCM-2"", ""Trial-750_PCM-3""]",Error,Error,Error,FALSE,,
"Any[""Trial-751_PCM-1"", ""Trial-751_PCM-2"", ""Trial-751_PCM-3""]",Error,Error,Error,FALSE,,
"Any[""Trial-752_PCM-1"", ""Trial-752_PCM-2"", ""Trial-752_PCM-3""]",2.017888347,4.154227873,Error,4.154227873,,
"Any[""Trial-753_PCM-1"", ""Trial-753_PCM-2"", ""Trial-753_PCM-3""]",Error,Error,Error,FALSE,,
"Any[""Trial-754_PCM-1"", ""Trial-754_PCM-2"", ""Trial-754_PCM-3""]",Error,Error,Error,FALSE,,
"Any[""Trial-755_PCM-1"", ""Trial-755_PCM-2"", ""Trial-755_PCM-3""]",Error,Error,Error,FALSE,,
"Any[""Trial-756_PCM-1"", ""Trial-756_PCM-2"", ""Trial-756_PCM-3""]",3.116360728,2.772590014,2.772590014,FALSE,,
"Any[""Trial-757_PCM-1"", ""Trial-757_PCM-2"", ""Trial-757_PCM-3""]",Error,Error,Error,FALSE,,
"Any[""Trial-758_PCM-1"", ""Trial-758_PCM-2"", ""Trial-758_PCM-3""]",Error,Error,Error,FALSE,,
"Any[""Trial-759_PCM-1"", ""Trial-759_PCM-2"", ""Trial-759_PCM-3""]",Error,Error,Error,FALSE,,
"Any[""Trial-760_PCM-1"", ""Trial-760_PCM-2"", ""Trial-760_PCM-3""]",Error,Error,Error,FALSE,,
"Any[""Trial-761_PCM-1"", ""Trial-761_PCM-2"", ""Trial-761_PCM-3""]",Error,Error,Error,FALSE,,
"Any[""Trial-762_PCM-1"", ""Trial-762_PCM-2"", ""Trial-762_PCM-3""]",Error,Error,Error,FALSE,,
"Any[""Trial-763_PCM-1"", ""Trial-763_PCM-2"", ""Trial-763_PCM-3""]",Error,2.56832E-06,2.57E-06,FALSE,,
"Any[""Trial-764_PCM-1"", ""Trial-764_PCM-2"", ""Trial-764_PCM-3""]",Error,Error,Error,FALSE,,
"Any[""Trial-765_PCM-1"", ""Trial-765_PCM-2"", ""Trial-765_PCM-3""]",1.47109188,4.090639206,Error,4.090639206,,
"Any[""Trial-766_PCM-1"", ""Trial-766_PCM-2"", ""Trial-766_PCM-3""]",Error,Error,Error,FALSE,,
"Any[""Trial-767_PCM-1"", ""Trial-767_PCM-2"", ""Trial-767_PCM-3""]",Error,Error,Error,FALSE,,
"Any[""Trial-768_PCM-1"", ""Trial-768_PCM-2"", ""Trial-768_PCM-3""]",Error,Error,Error,FALSE,,
"Any[""Trial-769_PCM-1"", ""Trial-769_PCM-2"", ""Trial-769_PCM-3""]",Error,Error,Error,FALSE,,
"Any[""Trial-770_PCM-1"", ""Trial-770_PCM-2"", ""Trial-770_PCM-3""]",Error,Error,Error,FALSE,,
"Any[""Trial-771_PCM-1"", ""Trial-771_PCM-2"", ""Trial-771_PCM-3""]",Error,2.772589921,2.772589921,FALSE,,
"Any[""Trial-772_PCM-1"", ""Trial-772_PCM-2"", ""Trial-772_PCM-3""]",Error,Error,Error,FALSE,,
"Any[""Trial-773_PCM-1"", ""Trial-773_PCM-2"", ""Trial-773_PCM-3""]",Error,Error,Error,FALSE,,
"Any[""Trial-774_PCM-1"", ""Trial-774_PCM-2"", ""Trial-774_PCM-3""]",Error,Error,Error,FALSE,,
"Any[""Trial-775_PCM-1"", ""Trial-775_PCM-2"", ""Trial-775_PCM-3""]",Error,Error,Error,FALSE,,
"Any[""Trial-776_PCM-1"", ""Trial-776_PCM-2"", ""Trial-776_PCM-3""]",Error,Error,Error,FALSE,,
"Any[""Trial-777_PCM-1"", ""Trial-777_PCM-2"", ""Trial-777_PCM-3""]",Error,Error,Error,FALSE,,
"Any[""Trial-778_PCM-1"", ""Trial-778_PCM-2"", ""Trial-778_PCM-3""]",Error,Error,Error,FALSE,,
"Any[""Trial-779_PCM-1"", ""Trial-779_PCM-2"", ""Trial-779_PCM-3""]",Error,Error,Error,FALSE,,
"Any[""Trial-780_PCM-1"", ""Trial-780_PCM-2"", ""Trial-780_PCM-3""]",Error,Error,Error,FALSE,,
"Any[""Trial-781_PCM-1"", ""Trial-781_PCM-2"", ""Trial-781_PCM-3""]",Error,1.5795E-06,1.58E-06,FALSE,,
"Any[""Trial-782_PCM-1"", ""Trial-782_PCM-2"", ""Trial-782_PCM-3""]",1.36E-06,1.26146E-06,1.26E-06,FALSE,,
"Any[""Trial-783_PCM-1"", ""Trial-783_PCM-2"", ""Trial-783_PCM-3""]",Error,Error,Error,FALSE,,
"Any[""Trial-784_PCM-1"", ""Trial-784_PCM-2"", ""Trial-784_PCM-3""]",Error,Error,Error,FALSE,,
"Any[""Trial-785_PCM-1"", ""Trial-785_PCM-2"", ""Trial-785_PCM-3""]",Error,Error,Error,FALSE,,
"Any[""Trial-786_PCM-1"", ""Trial-786_PCM-2"", ""Trial-786_PCM-3""]",Error,Error,Error,FALSE,,
"Any[""Trial-787_PCM-1"", ""Trial-787_PCM-2"", ""Trial-787_PCM-3""]",Error,Error,Error,FALSE,,
"Any[""Trial-788_PCM-1"", ""Trial-788_PCM-2"", ""Trial-788_PCM-3""]",Error,Error,Error,FALSE,,
"Any[""Trial-789_PCM-1"", ""Trial-789_PCM-2"", ""Trial-789_PCM-3""]",Error,Error,Error,FALSE,,
"Any[""Trial-790_PCM-1"", ""Trial-790_PCM-2"", ""Trial-790_PCM-3""]",Error,Error,Error,FALSE,,
"Any[""Trial-791_PCM-1"", ""Trial-791_PCM-2"", ""Trial-791_PCM-3""]",Error,Error,Error,FALSE,,
"Any[""Trial-792_PCM-1"", ""Trial-792_PCM-2"", ""Trial-792_PCM-3""]",Error,Error,Error,FALSE,,
"Any[""Trial-793_PCM-1"", ""Trial-793_PCM-2"", ""Trial-793_PCM-3""]",Error,Error,Error,FALSE,,
"Any[""Trial-794_PCM-1"", ""Trial-794_PCM-2"", ""Trial-794_PCM-3""]",Error,Error,Error,FALSE,,
"Any[""Trial-795_PCM-1"", ""Trial-795_PCM-2"", ""Trial-795_PCM-3""]",Error,Error,Error,FALSE,,
"Any[""Trial-796_PCM-1"", ""Trial-796_PCM-2"", ""Trial-796_PCM-3""]",Error,Error,Error,FALSE,,
"Any[""Trial-797_PCM-1"", ""Trial-797_PCM-2"", ""Trial-797_PCM-3""]",Error,Error,Error,FALSE,,
"Any[""Trial-798_PCM-1"", ""Trial-798_PCM-2"", ""Trial-798_PCM-3""]",Error,Error,Error,FALSE,,
"Any[""Trial-799_PCM-1"", ""Trial-799_PCM-2"", ""Trial-799_PCM-3""]",Error,Error,Error,FALSE,,
"Any[""Trial-800_PCM-1"", ""Trial-800_PCM-2"", ""Trial-800_PCM-3""]",1.91E-06,1.056E-06,1.06E-06,FALSE,,
"Any[""Trial-801_PCM-1"", ""Trial-801_PCM-2"", ""Trial-801_PCM-3""]",Error,Error,Error,FALSE,,
"Any[""Trial-802_PCM-1"", ""Trial-802_PCM-2"", ""Trial-802_PCM-3""]",Error,Error,Error,FALSE,,
"Any[""Trial-803_PCM-1"", ""Trial-803_PCM-2"", ""Trial-803_PCM-3""]",Error,Error,Error,FALSE,,
"Any[""Trial-804_PCM-1"", ""Trial-804_PCM-2"", ""Trial-804_PCM-3""]",Error,Error,Error,FALSE,,
"Any[""Trial-805_PCM-1"", ""Trial-805_PCM-2"", ""Trial-805_PCM-3""]",Error,Error,Error,FALSE,,
"Any[""Trial-806_PCM-1"", ""Trial-806_PCM-2"", ""Trial-806_PCM-3""]",Error,Error,Error,FALSE,,
"Any[""Trial-807_PCM-1"", ""Trial-807_PCM-2"", ""Trial-807_PCM-3""]",Error,Error,Error,FALSE,,
"Any[""Trial-808_PCM-1"", ""Trial-808_PCM-2"", ""Trial-808_PCM-3""]",Error,Error,Error,FALSE,,
"Any[""Trial-809_PCM-1"", ""Trial-809_PCM-2"", ""Trial-809_PCM-3""]",Error,1.38315E-06,1.38E-06,FALSE,,
"Any[""Trial-810_PCM-1"", ""Trial-810_PCM-2"", ""Trial-810_PCM-3""]",Error,Error,Error,FALSE,,
"Any[""Trial-811_PCM-1"", ""Trial-811_PCM-2"", ""Trial-811_PCM-3""]",Error,Error,Error,FALSE,,
"Any[""Trial-812_PCM-1"", ""Trial-812_PCM-2"", ""Trial-812_PCM-3""]",Error,Error,Error,FALSE,,
"Any[""Trial-813_PCM-1"", ""Trial-813_PCM-2"", ""Trial-813_PCM-3""]",Error,Error,Error,FALSE,,
"Any[""Trial-814_PCM-1"", ""Trial-814_PCM-2"", ""Trial-814_PCM-3""]",2.772589233,0.490410885,0.490410885,FALSE,,
"Any[""Trial-815_PCM-1"", ""Trial-815_PCM-2"", ""Trial-815_PCM-3""]",1.505913842,3.7821854,Error,3.7821854,,
"Any[""Trial-816_PCM-1"", ""Trial-816_PCM-2"", ""Trial-816_PCM-3""]",Error,Error,Error,FALSE,,
"Any[""Trial-817_PCM-1"", ""Trial-817_PCM-2"", ""Trial-817_PCM-3""]",Error,Error,Error,FALSE,,
"Any[""Trial-818_PCM-1"", ""Trial-818_PCM-2"", ""Trial-818_PCM-3""]",Error,Error,Error,FALSE,,
"Any[""Trial-819_PCM-1"", ""Trial-819_PCM-2"", ""Trial-819_PCM-3""]",5.545177444,4.549594756,4.549594756,FALSE,,
"Any[""Trial-820_PCM-1"", ""Trial-820_PCM-2"", ""Trial-820_PCM-3""]",Error,Error,Error,FALSE,,
"Any[""Trial-821_PCM-1"", ""Trial-821_PCM-2"", ""Trial-821_PCM-3""]",Error,Error,Error,FALSE,,
"Any[""Trial-822_PCM-1"", ""Trial-822_PCM-2"", ""Trial-822_PCM-3""]",Error,Error,Error,FALSE,,
"Any[""Trial-823_PCM-1"", ""Trial-823_PCM-2"", ""Trial-823_PCM-3""]",Error,Error,Error,FALSE,,
"Any[""Trial-824_PCM-1"", ""Trial-824_PCM-2"", ""Trial-824_PCM-3""]",Error,Error,Error,FALSE,,
"Any[""Trial-825_PCM-1"", ""Trial-825_PCM-2"", ""Trial-825_PCM-3""]",Error,1.14315E-06,1.14E-06,FALSE,,
"Any[""Trial-826_PCM-1"", ""Trial-826_PCM-2"", ""Trial-826_PCM-3""]",Error,Error,Error,FALSE,,
"Any[""Trial-827_PCM-1"", ""Trial-827_PCM-2"", ""Trial-827_PCM-3""]",Error,Error,Error,FALSE,,
"Any[""Trial-828_PCM-1"", ""Trial-828_PCM-2"", ""Trial-828_PCM-3""]",2.577432177,2.772589983,2.772589983,FALSE,,
"Any[""Trial-829_PCM-1"", ""Trial-829_PCM-2"", ""Trial-829_PCM-3""]",Error,Error,Error,FALSE,,
"Any[""Trial-830_PCM-1"", ""Trial-830_PCM-2"", ""Trial-830_PCM-3""]",Error,2.772590159,2.772590159,FALSE,,
"Any[""Trial-831_PCM-1"", ""Trial-831_PCM-2"", ""Trial-831_PCM-3""]",Error,Error,Error,FALSE,,
"Any[""Trial-832_PCM-1"", ""Trial-832_PCM-2"", ""Trial-832_PCM-3""]",Error,Error,Error,FALSE,,
"Any[""Trial-833_PCM-1"", ""Trial-833_PCM-2"", ""Trial-833_PCM-3""]",Error,Error,Error,FALSE,,
"Any[""Trial-834_PCM-1"", ""Trial-834_PCM-2"", ""Trial-834_PCM-3""]",Error,Error,Error,FALSE,,
"Any[""Trial-835_PCM-1"", ""Trial-835_PCM-2"", ""Trial-835_PCM-3""]",Error,Error,Error,FALSE,,
"Any[""Trial-836_PCM-1"", ""Trial-836_PCM-2"", ""Trial-836_PCM-3""]",Error,Error,Error,FALSE,,
"Any[""Trial-837_PCM-1"", ""Trial-837_PCM-2"", ""Trial-837_PCM-3""]",Error,Error,Error,FALSE,,
"Any[""Trial-838_PCM-1"", ""Trial-838_PCM-2"", ""Trial-838_PCM-3""]",Error,Error,Error,FALSE,,
"Any[""Trial-839_PCM-1"", ""Trial-839_PCM-2"", ""Trial-839_PCM-3""]",Error,Error,Error,FALSE,,
"Any[""Trial-840_PCM-1"", ""Trial-840_PCM-2"", ""Trial-840_PCM-3""]",Error,Error,Error,FALSE,,
"Any[""Trial-841_PCM-1"", ""Trial-841_PCM-2"", ""Trial-841_PCM-3""]",3.389202043,4.394450297,4.394450297,FALSE,,
"Any[""Trial-842_PCM-1"", ""Trial-842_PCM-2"", ""Trial-842_PCM-3""]",Error,Error,Error,FALSE,,
"Any[""Trial-843_PCM-1"", ""Trial-843_PCM-2"", ""Trial-843_PCM-3""]",Error,Error,Error,FALSE,,
"Any[""Trial-844_PCM-1"", ""Trial-844_PCM-2"", ""Trial-844_PCM-3""]",Error,Error,Error,FALSE,,
"Any[""Trial-845_PCM-1"", ""Trial-845_PCM-2"", ""Trial-845_PCM-3""]",Error,Error,Error,FALSE,,
"Any[""Trial-846_PCM-1"", ""Trial-846_PCM-2"", ""Trial-846_PCM-3""]",Error,Error,Error,FALSE,,
"Any[""Trial-847_PCM-1"", ""Trial-847_PCM-2"", ""Trial-847_PCM-3""]",Error,Error,Error,FALSE,,
"Any[""Trial-848_PCM-1"", ""Trial-848_PCM-2"", ""Trial-848_PCM-3""]",Error,Error,Error,FALSE,,
"Any[""Trial-849_PCM-1"", ""Trial-849_PCM-2"", ""Trial-849_PCM-3""]",Error,Error,Error,FALSE,,
"Any[""Trial-850_PCM-1"", ""Trial-850_PCM-2"", ""Trial-850_PCM-3""]",Error,Error,Error,FALSE,,
"Any[""Trial-851_PCM-1"", ""Trial-851_PCM-2"", ""Trial-851_PCM-3""]",Error,Error,Error,FALSE,,
"Any[""Trial-852_PCM-1"", ""Trial-852_PCM-2"", ""Trial-852_PCM-3""]",Error,Error,Error,FALSE,,
"Any[""Trial-853_PCM-1"", ""Trial-853_PCM-2"", ""Trial-853_PCM-3""]",Error,Error,Error,FALSE,,
"Any[""Trial-854_PCM-1"", ""Trial-854_PCM-2"", ""Trial-854_PCM-3""]",Error,3.447591943,3.447591943,FALSE,,
"Any[""Trial-855_PCM-1"", ""Trial-855_PCM-2"", ""Trial-855_PCM-3""]",Error,Error,Error,FALSE,,
"Any[""Trial-856_PCM-1"", ""Trial-856_PCM-2"", ""Trial-856_PCM-3""]",Error,Error,Error,FALSE,,
"Any[""Trial-857_PCM-1"", ""Trial-857_PCM-2"", ""Trial-857_PCM-3""]",Error,Error,Error,FALSE,,
"Any[""Trial-858_PCM-1"", ""Trial-858_PCM-2"", ""Trial-858_PCM-3""]",Error,Error,Error,FALSE,,
"Any[""Trial-859_PCM-1"", ""Trial-859_PCM-2"", ""Trial-859_PCM-3""]",Error,Error,Error,FALSE,,
"Any[""Trial-860_PCM-1"", ""Trial-860_PCM-2"", ""Trial-860_PCM-3""]",Error,Error,Error,FALSE,,
"Any[""Trial-861_PCM-1"", ""Trial-861_PCM-2"", ""Trial-861_PCM-3""]",Error,Error,Error,FALSE,,
"Any[""Trial-862_PCM-1"", ""Trial-862_PCM-2"", ""Trial-862_PCM-3""]",Error,Error,Error,FALSE,,
"Any[""Trial-863_PCM-1"", ""Trial-863_PCM-2"", ""Trial-863_PCM-3""]",Error,Error,Error,FALSE,,
"Any[""Trial-864_PCM-1"", ""Trial-864_PCM-2"", ""Trial-864_PCM-3""]",Error,Error,Error,FALSE,,
"Any[""Trial-865_PCM-1"", ""Trial-865_PCM-2"", ""Trial-865_PCM-3""]",Error,Error,Error,FALSE,,
"Any[""Trial-866_PCM-1"", ""Trial-866_PCM-2"", ""Trial-866_PCM-3""]",Error,Error,Error,FALSE,,
"Any[""Trial-867_PCM-1"", ""Trial-867_PCM-2"", ""Trial-867_PCM-3""]",Error,Error,Error,FALSE,,
"Any[""Trial-868_PCM-1"", ""Trial-868_PCM-2"", ""Trial-868_PCM-3""]",Error,4.394450353,4.394450353,FALSE,,
"Any[""Trial-869_PCM-1"", ""Trial-869_PCM-2"", ""Trial-869_PCM-3""]",3.501875878,4.199289128,Error,4.199289128,,
"Any[""Trial-870_PCM-1"", ""Trial-870_PCM-2"", ""Trial-870_PCM-3""]",Error,Error,Error,FALSE,,
"Any[""Trial-871_PCM-1"", ""Trial-871_PCM-2"", ""Trial-871_PCM-3""]",Error,Error,Error,FALSE,,
"Any[""Trial-872_PCM-1"", ""Trial-872_PCM-2"", ""Trial-872_PCM-3""]",Error,Error,Error,FALSE,,
"Any[""Trial-873_PCM-1"", ""Trial-873_PCM-2"", ""Trial-873_PCM-3""]",Error,Error,Error,FALSE,,
"Any[""Trial-874_PCM-1"", ""Trial-874_PCM-2"", ""Trial-874_PCM-3""]",Error,Error,Error,FALSE,,
"Any[""Trial-875_PCM-1"", ""Trial-875_PCM-2"", ""Trial-875_PCM-3""]",Error,Error,Error,FALSE,,
"Any[""Trial-876_PCM-1"", ""Trial-876_PCM-2"", ""Trial-876_PCM-3""]",Error,Error,Error,FALSE,,
"Any[""Trial-877_PCM-1"", ""Trial-877_PCM-2"", ""Trial-877_PCM-3""]",Error,Error,Error,FALSE,,
"Any[""Trial-878_PCM-1"", ""Trial-878_PCM-2"", ""Trial-878_PCM-3""]",Error,Error,Error,FALSE,,
"Any[""Trial-879_PCM-1"", ""Trial-879_PCM-2"", ""Trial-879_PCM-3""]",Error,Error,Error,FALSE,,
"Any[""Trial-880_PCM-1"", ""Trial-880_PCM-2"", ""Trial-880_PCM-3""]",Error,Error,Error,FALSE,,
"Any[""Trial-881_PCM-1"", ""Trial-881_PCM-2"", ""Trial-881_PCM-3""]",Error,Error,Error,FALSE,,
"Any[""Trial-882_PCM-1"", ""Trial-882_PCM-2"", ""Trial-882_PCM-3""]",Error,Error,Error,FALSE,,
"Any[""Trial-883_PCM-1"", ""Trial-883_PCM-2"", ""Trial-883_PCM-3""]",Error,Error,Error,FALSE,,
"Any[""Trial-884_PCM-1"", ""Trial-884_PCM-2"", ""Trial-884_PCM-3""]",Error,Error,Error,FALSE,,
"Any[""Trial-885_PCM-1"", ""Trial-885_PCM-2"", ""Trial-885_PCM-3""]",Error,Error,Error,FALSE,,
"Any[""Trial-886_PCM-1"", ""Trial-886_PCM-2"", ""Trial-886_PCM-3""]",Error,Error,Error,FALSE,,
"Any[""Trial-887_PCM-1"", ""Trial-887_PCM-2"", ""Trial-887_PCM-3""]",Error,Error,Error,FALSE,,
"Any[""Trial-888_PCM-1"", ""Trial-888_PCM-2"", ""Trial-888_PCM-3""]",3.43E-06,0.855192026,Error,0.855192026,,
"Any[""Trial-889_PCM-1"", ""Trial-889_PCM-2"", ""Trial-889_PCM-3""]",Error,Error,Error,FALSE,,
"Any[""Trial-890_PCM-1"", ""Trial-890_PCM-2"", ""Trial-890_PCM-3""]",Error,Error,Error,FALSE,,
"Any[""Trial-891_PCM-1"", ""Trial-891_PCM-2"", ""Trial-891_PCM-3""]",1.96E-06,0.70079867,Error,0.70079867,,
"Any[""Trial-892_PCM-1"", ""Trial-892_PCM-2"", ""Trial-892_PCM-3""]",Error,Error,Error,FALSE,,
"Any[""Trial-893_PCM-1"", ""Trial-893_PCM-2"", ""Trial-893_PCM-3""]",Error,Error,Error,FALSE,,
"Any[""Trial-894_PCM-1"", ""Trial-894_PCM-2"", ""Trial-894_PCM-3""]",Error,Error,Error,FALSE,,
"Any[""Trial-895_PCM-1"", ""Trial-895_PCM-2"", ""Trial-895_PCM-3""]",Error,Error,Error,FALSE,,
"Any[""Trial-896_PCM-1"", ""Trial-896_PCM-2"", ""Trial-896_PCM-3""]",Error,Error,Error,FALSE,,
"Any[""Trial-897_PCM-1"", ""Trial-897_PCM-2"", ""Trial-897_PCM-3""]",4.394458235,5.287024047,5.287024047,FALSE,,
"Any[""Trial-898_PCM-1"", ""Trial-898_PCM-2"", ""Trial-898_PCM-3""]",4.394449905,2.772590525,2.772590525,FALSE,,
"Any[""Trial-899_PCM-1"", ""Trial-899_PCM-2"", ""Trial-899_PCM-3""]",Error,Error,Error,FALSE,,
"Any[""Trial-900_PCM-1"", ""Trial-900_PCM-2"", ""Trial-900_PCM-3""]",3.501886991,6.686042017,Error,6.686042017,,
"Any[""Trial-901_PCM-1"", ""Trial-901_PCM-2"", ""Trial-901_PCM-3""]",Error,Error,Error,FALSE,,
"Any[""Trial-902_PCM-1"", ""Trial-902_PCM-2"", ""Trial-902_PCM-3""]",Error,Error,Error,FALSE,,
"Any[""Trial-903_PCM-1"", ""Trial-903_PCM-2"", ""Trial-903_PCM-3""]",Error,3.194032162,3.194032162,FALSE,,
"Any[""Trial-904_PCM-1"", ""Trial-904_PCM-2"", ""Trial-904_PCM-3""]",Error,Error,Error,FALSE,,
"Any[""Trial-905_PCM-1"", ""Trial-905_PCM-2"", ""Trial-905_PCM-3""]",3.199526935,6.4377517,Error,6.4377517,,
"Any[""Trial-906_PCM-1"", ""Trial-906_PCM-2"", ""Trial-906_PCM-3""]",4.394450294,1.49507E-05,1.5E-05,FALSE,,
"Any[""Trial-907_PCM-1"", ""Trial-907_PCM-2"", ""Trial-907_PCM-3""]",Error,Error,Error,FALSE,,
"Any[""Trial-908_PCM-1"", ""Trial-908_PCM-2"", ""Trial-908_PCM-3""]",Error,Error,Error,FALSE,,
"Any[""Trial-909_PCM-1"", ""Trial-909_PCM-2"", ""Trial-909_PCM-3""]",Error,Error,Error,FALSE,,
"Any[""Trial-910_PCM-1"", ""Trial-910_PCM-2"", ""Trial-910_PCM-3""]",1.880015514,1.27862E-06,1.28E-06,FALSE,,
"Any[""Trial-911_PCM-1"", ""Trial-911_PCM-2"", ""Trial-911_PCM-3""]",Error,Error,Error,FALSE,,
"Any[""Trial-912_PCM-1"", ""Trial-912_PCM-2"", ""Trial-912_PCM-3""]",Error,Error,Error,FALSE,,
"Any[""Trial-913_PCM-1"", ""Trial-913_PCM-2"", ""Trial-913_PCM-3""]",Error,Error,Error,FALSE,,
"Any[""Trial-914_PCM-1"", ""Trial-914_PCM-2"", ""Trial-914_PCM-3""]",1.15E-05,1.17801E-05,1.18E-05,FALSE,,
"Any[""Trial-915_PCM-1"", ""Trial-915_PCM-2"", ""Trial-915_PCM-3""]",Error,Error,Error,FALSE,,
"Any[""Trial-916_PCM-1"", ""Trial-916_PCM-2"", ""Trial-916_PCM-3""]",2.772589697,0.490411623,0.490411623,FALSE,,
"Any[""Trial-917_PCM-1"", ""Trial-917_PCM-2"", ""Trial-917_PCM-3""]",Error,Error,Error,FALSE,,
"Any[""Trial-918_PCM-1"", ""Trial-918_PCM-2"", ""Trial-918_PCM-3""]",Error,Error,Error,FALSE,,
"Any[""Trial-919_PCM-1"", ""Trial-919_PCM-2"", ""Trial-919_PCM-3""]",Error,Error,Error,FALSE,,
"Any[""Trial-920_PCM-1"", ""Trial-920_PCM-2"", ""Trial-920_PCM-3""]",Error,Error,Error,FALSE,,
"Any[""Trial-921_PCM-1"", ""Trial-921_PCM-2"", ""Trial-921_PCM-3""]",Error,Error,Error,FALSE,,
"Any[""Trial-922_PCM-1"", ""Trial-922_PCM-2"", ""Trial-922_PCM-3""]",0.251210984,1.329755998,Error,1.329755998,,
"Any[""Trial-923_PCM-1"", ""Trial-923_PCM-2"", ""Trial-923_PCM-3""]",Error,Error,Error,FALSE,,
"Any[""Trial-924_PCM-1"", ""Trial-924_PCM-2"", ""Trial-924_PCM-3""]",Error,Error,Error,FALSE,,
"Any[""Trial-925_PCM-1"", ""Trial-925_PCM-2"", ""Trial-925_PCM-3""]",Error,Error,Error,FALSE,,
"Any[""Trial-926_PCM-1"", ""Trial-926_PCM-2"", ""Trial-926_PCM-3""]",Error,Error,Error,FALSE,,
"Any[""Trial-927_PCM-1"", ""Trial-927_PCM-2"", ""Trial-927_PCM-3""]",Error,Error,Error,FALSE,,
"Any[""Trial-928_PCM-1"", ""Trial-928_PCM-2"", ""Trial-928_PCM-3""]",Error,Error,Error,FALSE,,
"Any[""Trial-929_PCM-1"", ""Trial-929_PCM-2"", ""Trial-929_PCM-3""]",Error,Error,Error,FALSE,,
"Any[""Trial-930_PCM-1"", ""Trial-930_PCM-2"", ""Trial-930_PCM-3""]",Error,Error,Error,FALSE,,
"Any[""Trial-931_PCM-1"", ""Trial-931_PCM-2"", ""Trial-931_PCM-3""]",Error,Error,Error,FALSE,,
"Any[""Trial-932_PCM-1"", ""Trial-932_PCM-2"", ""Trial-932_PCM-3""]",Error,Error,Error,FALSE,,
"Any[""Trial-933_PCM-1"", ""Trial-933_PCM-2"", ""Trial-933_PCM-3""]",1.56E-06,9E-07,9E-07,FALSE,,
"Any[""Trial-934_PCM-1"", ""Trial-934_PCM-2"", ""Trial-934_PCM-3""]",Error,Error,Error,FALSE,,
"Any[""Trial-935_PCM-1"", ""Trial-935_PCM-2"", ""Trial-935_PCM-3""]",2.238463947,1.13975E-06,1.14E-06,FALSE,,
"Any[""Trial-936_PCM-1"", ""Trial-936_PCM-2"", ""Trial-936_PCM-3""]",Error,Error,Error,FALSE,,
"Any[""Trial-937_PCM-1"", ""Trial-937_PCM-2"", ""Trial-937_PCM-3""]",Error,Error,Error,FALSE,,
"Any[""Trial-938_PCM-1"", ""Trial-938_PCM-2"", ""Trial-938_PCM-3""]",Error,Error,Error,FALSE,,
"Any[""Trial-939_PCM-1"", ""Trial-939_PCM-2"", ""Trial-939_PCM-3""]",Error,Error,Error,FALSE,,
"Any[""Trial-940_PCM-1"", ""Trial-940_PCM-2"", ""Trial-940_PCM-3""]",Error,Error,Error,FALSE,,
"Any[""Trial-941_PCM-1"", ""Trial-941_PCM-2"", ""Trial-941_PCM-3""]",Error,Error,Error,FALSE,,
"Any[""Trial-942_PCM-1"", ""Trial-942_PCM-2"", ""Trial-942_PCM-3""]",Error,Error,Error,FALSE,,
"Any[""Trial-943_PCM-1"", ""Trial-943_PCM-2"", ""Trial-943_PCM-3""]",Error,Error,Error,FALSE,,
"Any[""Trial-944_PCM-1"", ""Trial-944_PCM-2"", ""Trial-944_PCM-3""]",Error,Error,Error,FALSE,,
"Any[""Trial-945_PCM-1"", ""Trial-945_PCM-2"", ""Trial-945_PCM-3""]",Error,Error,Error,FALSE,,
"Any[""Trial-946_PCM-1"", ""Trial-946_PCM-2"", ""Trial-946_PCM-3""]",Error,Error,Error,FALSE,,
"Any[""Trial-947_PCM-1"", ""Trial-947_PCM-2"", ""Trial-947_PCM-3""]",Error,Error,Error,FALSE,,
"Any[""Trial-948_PCM-1"", ""Trial-948_PCM-2"", ""Trial-948_PCM-3""]",Error,Error,Error,FALSE,,
"Any[""Trial-949_PCM-1"", ""Trial-949_PCM-2"", ""Trial-949_PCM-3""]",Error,Error,Error,FALSE,,
"Any[""Trial-950_PCM-1"", ""Trial-950_PCM-2"", ""Trial-950_PCM-3""]",Error,Error,Error,FALSE,,
"Any[""Trial-951_PCM-1"", ""Trial-951_PCM-2"", ""Trial-951_PCM-3""]",Error,Error,Error,FALSE,,
"Any[""Trial-952_PCM-1"", ""Trial-952_PCM-2"", ""Trial-952_PCM-3""]",Error,Error,Error,FALSE,,
"Any[""Trial-953_PCM-1"", ""Trial-953_PCM-2"", ""Trial-953_PCM-3""]",Error,Error,Error,FALSE,,
"Any[""Trial-954_PCM-1"", ""Trial-954_PCM-2"", ""Trial-954_PCM-3""]",Error,Error,Error,FALSE,,
"Any[""Trial-955_PCM-1"", ""Trial-955_PCM-2"", ""Trial-955_PCM-3""]",Error,Error,Error,FALSE,,
"Any[""Trial-956_PCM-1"", ""Trial-956_PCM-2"", ""Trial-956_PCM-3""]",Error,Error,Error,FALSE,,
"Any[""Trial-957_PCM-1"", ""Trial-957_PCM-2"", ""Trial-957_PCM-3""]",Error,Error,Error,FALSE,,
"Any[""Trial-958_PCM-1"", ""Trial-958_PCM-2"", ""Trial-958_PCM-3""]",Error,Error,Error,FALSE,,
"Any[""Trial-959_PCM-1"", ""Trial-959_PCM-2"", ""Trial-959_PCM-3""]",Error,Error,Error,FALSE,,
"Any[""Trial-960_PCM-1"", ""Trial-960_PCM-2"", ""Trial-960_PCM-3""]",Error,Error,Error,FALSE,,
"Any[""Trial-961_PCM-1"", ""Trial-961_PCM-2"", ""Trial-961_PCM-3""]",Error,Error,Error,FALSE,,
"Any[""Trial-962_PCM-1"", ""Trial-962_PCM-2"", ""Trial-962_PCM-3""]",Error,Error,Error,FALSE,,
"Any[""Trial-963_PCM-1"", ""Trial-963_PCM-2"", ""Trial-963_PCM-3""]",7.4E-06,2.521517067,Error,2.521517067,,
"Any[""Trial-964_PCM-1"", ""Trial-964_PCM-2"", ""Trial-964_PCM-3""]",Error,Error,Error,FALSE,,
"Any[""Trial-965_PCM-1"", ""Trial-965_PCM-2"", ""Trial-965_PCM-3""]",Error,Error,Error,FALSE,,
"Any[""Trial-966_PCM-1"", ""Trial-966_PCM-2"", ""Trial-966_PCM-3""]",Error,Error,Error,FALSE,,
"Any[""Trial-967_PCM-1"", ""Trial-967_PCM-2"", ""Trial-967_PCM-3""]",Error,Error,Error,FALSE,,
"Any[""Trial-968_PCM-1"", ""Trial-968_PCM-2"", ""Trial-968_PCM-3""]",Error,Error,Error,FALSE,,
"Any[""Trial-969_PCM-1"", ""Trial-969_PCM-2"", ""Trial-969_PCM-3""]",Error,Error,Error,FALSE,,
"Any[""Trial-970_PCM-1"", ""Trial-970_PCM-2"", ""Trial-970_PCM-3""]",2.238464248,2.367594545,Error,2.367594545,,
"Any[""Trial-971_PCM-1"", ""Trial-971_PCM-2"", ""Trial-971_PCM-3""]",Error,Error,Error,FALSE,,
"Any[""Trial-972_PCM-1"", ""Trial-972_PCM-2"", ""Trial-972_PCM-3""]",Error,Error,Error,FALSE,,
"Any[""Trial-973_PCM-1"", ""Trial-973_PCM-2"", ""Trial-973_PCM-3""]",Error,Error,Error,FALSE,,
"Any[""Trial-974_PCM-1"", ""Trial-974_PCM-2"", ""Trial-974_PCM-3""]",Error,Error,Error,FALSE,,
"Any[""Trial-975_PCM-1"", ""Trial-975_PCM-2"", ""Trial-975_PCM-3""]",Error,Error,Error,FALSE,,
"Any[""Trial-976_PCM-1"", ""Trial-976_PCM-2"", ""Trial-976_PCM-3""]",4.394449875,4.394449155,Error,4.394449155,,
"Any[""Trial-977_PCM-1"", ""Trial-977_PCM-2"", ""Trial-977_PCM-3""]",Error,Error,Error,FALSE,,
"Any[""Trial-978_PCM-1"", ""Trial-978_PCM-2"", ""Trial-978_PCM-3""]",Error,1.79165E-06,1.79E-06,FALSE,,
"Any[""Trial-979_PCM-1"", ""Trial-979_PCM-2"", ""Trial-979_PCM-3""]",Error,Error,Error,FALSE,,
"Any[""Trial-980_PCM-1"", ""Trial-980_PCM-2"", ""Trial-980_PCM-3""]",Error,Error,Error,FALSE,,
"Any[""Trial-981_PCM-1"", ""Trial-981_PCM-2"", ""Trial-981_PCM-3""]",1.91E-06,1.056E-06,1.06E-06,FALSE,,
"Any[""Trial-982_PCM-1"", ""Trial-982_PCM-2"", ""Trial-982_PCM-3""]",Error,Error,Error,FALSE,,
"Any[""Trial-983_PCM-1"", ""Trial-983_PCM-2"", ""Trial-983_PCM-3""]",Error,Error,Error,FALSE,,
"Any[""Trial-984_PCM-1"", ""Trial-984_PCM-2"", ""Trial-984_PCM-3""]",Error,Error,Error,FALSE,,
"Any[""Trial-985_PCM-1"", ""Trial-985_PCM-2"", ""Trial-985_PCM-3""]",Error,Error,Error,FALSE,,
"Any[""Trial-986_PCM-1"", ""Trial-986_PCM-2"", ""Trial-986_PCM-3""]",2.67E-06,0.984972126,Error,0.984972126,,
"Any[""Trial-987_PCM-1"", ""Trial-987_PCM-2"", ""Trial-987_PCM-3""]",Error,Error,Error,FALSE,,
"Any[""Trial-988_PCM-1"", ""Trial-988_PCM-2"", ""Trial-988_PCM-3""]",Error,Error,Error,FALSE,,
"Any[""Trial-989_PCM-1"", ""Trial-989_PCM-2"", ""Trial-989_PCM-3""]",Error,Error,Error,FALSE,,
"Any[""Trial-990_PCM-1"", ""Trial-990_PCM-2"", ""Trial-990_PCM-3""]",Error,Error,Error,FALSE,,
"Any[""Trial-991_PCM-1"", ""Trial-991_PCM-2"", ""Trial-991_PCM-3""]",Error,Error,Error,FALSE,,
"Any[""Trial-992_PCM-1"", ""Trial-992_PCM-2"", ""Trial-992_PCM-3""]",Error,Error,Error,FALSE,,
"Any[""Trial-993_PCM-1"", ""Trial-993_PCM-2"", ""Trial-993_PCM-3""]",Error,Error,Error,FALSE,,
"Any[""Trial-994_PCM-1"", ""Trial-994_PCM-2"", ""Trial-994_PCM-3""]",Error,Error,Error,FALSE,,
"Any[""Trial-995_PCM-1"", ""Trial-995_PCM-2"", ""Trial-995_PCM-3""]",Error,Error,Error,FALSE,,
"Any[""Trial-996_PCM-1"", ""Trial-996_PCM-2"", ""Trial-996_PCM-3""]",Error,Error,Error,FALSE,,
"Any[""Trial-997_PCM-1"", ""Trial-997_PCM-2"", ""Trial-997_PCM-3""]",Error,Error,Error,FALSE,,
"Any[""Trial-998_PCM-1"", ""Trial-998_PCM-2"", ""Trial-998_PCM-3""]",Error,Error,Error,FALSE,,
"Any[""Trial-999_PCM-1"", ""Trial-999_PCM-2"", ""Trial-999_PCM-3""]",Error,Error,Error,FALSE,,
"Any[""Trial-1000_PCM-1"", ""Trial-1000_PCM-2"", ""Trial-1000_PCM-3""]",Error,Error,Error,FALSE,,